ID;NOME;PREZZO;NEGOZIO
1052;NEXI - Mobile Pos;19,9;Euronics
1051;NOKIA - NOKIA 105 2019-Blue;27,99;Euronics
1049;NOKIA - Bar phone NOKIA 105 2023-CHARCOAL;29,9;Euronics
1050;TCL - Bar phone 4021-DARK GREY;29,9;Euronics
1048;GIGASET - GL390-Silver;32,9;Euronics
1047;BRONDI - AMICO HOME-BIANCO/GRIGIO;33,9;Euronics
1044;NOKIA - NOKIA 110-Blue;34,9;Euronics
1045;BRONDI - AMICO HOME-Nero;34,9;Euronics
1046;NOKIA - Bar phone NOKIA 110 2023-CHARCOAL;34,9;Euronics
1040;BRONDI - KING;39,9;Euronics
1041;TCL - Bar phone TCL 4022S-GREY;39,9;Euronics
1042;BEGHELLI - SALVALAVITA PHONE SLV10-GRIGIO;39,9;Euronics
1043;GIGASET - Cellulare GL390-White;39,9;Euronics
1039;BRONDI - WINDOW+-Rosso;41,9;Euronics
1038;BRONDI - AMICO DI CASA-NERO;43,9;Euronics
1033;PANASONIC - KX-TU110EXC-BLU;44,9;Euronics
1034;BRONDI - WINDOW+-Nero;44,9;Euronics
1035;BRONDI - WINDOW+-Blu;44,9;Euronics
1036;BRONDI - FOX-Nero;44,9;Euronics
1037;BRONDI - FOX-Bianco;44,9;Euronics
1032;NOKIA - Cellulare 110 4G-Nero;44,99;Euronics
1031;BRONDI - AMICO UNICO-Bianco;45,9;Euronics
1030;PANASONIC - KX-TU155EXCN-Blu;47,9;Euronics
1023;BRONDI - AMICO UNICO-Nero;49,9;Euronics
1024;BRONDI - STONE+-Bianco;49,9;Euronics
1025;PANASONIC - KX-TU400EXG-grigio;49,9;Euronics
1026;BRONDI - STONE+-Blu;49,9;Euronics
1027;BRONDI - STONE+-Nero;49,9;Euronics
1028;BEGHELLI - Cellulare SLV15-NERO;49,9;Euronics
1029;BRONDI - STONE+-Rosso;49,9;Euronics
1022;BRONDI - AMICO SINCERO-Nero;51,9;Euronics
1021;BRONDI - CONTENDER-Nero;52,9;Euronics
1019;BRONDI - MAGNUM 4-Bianco;53,9;Euronics
1020;BRONDI - MAGNUM 4-Nero;53,9;Euronics
1018;BEGHELLI - Cellulare SLV18-Grigio;54,9;Euronics
1017;BRONDI - MAGNUM 4-Blu/Viola;56,9;Euronics
1015;BRONDI - Cellulare CONTENDER-BLUE METAL;57,9;Euronics
1016;BRONDI - CONTENDER-BIANCO;57,9;Euronics
1007;BRONDI - MAGNUM 4-Gold;59,9;Euronics
1008;BRONDI - Cellulare AMICO FIDATO;59,9;Euronics
1009;BRONDI - AMICO SINCERO-Grigio;59,9;Euronics
1010;PANASONIC - KX-TU155EXBN-Nero;59,9;Euronics
1011;NOKIA - Cellulare NOKIA 6310-GREEN;59,9;Euronics
1012;NOKIA - Cellulare NOKIA 6310-BLACK;59,9;Euronics
1013;BRONDI - MAGNUM 4-Rosso;59,9;Euronics
1014;BEGHELLI - Cellulare 9205-Grigio;59,9;Euronics
1005;GIGASET - GL 590-Silver;62,9;Euronics
1006;PANASONIC - KX-TU446EXB-Nero;62,9;Euronics
1003;GIGASET - CELLULARE GL590-Nero;63,9;Euronics
1004;BRONDI - PRESIDENT-Nero;63,9;Euronics
1001;BRONDI - Bar phone AMICO STILOSO-BLACK;64,9;Euronics
1002;PANASONIC - Cellulare KX-TU400EXC-TIFFANY;64,9;Euronics
999;TCL TCL 403;65,9;Trony
1000;TCL TCL 403;65,9;Trony
988;TCL - TCL 403-malva;69,9;Euronics
989;TCL - TCL 403-black;69,9;Euronics
990;TIM - A31 PLUS-Blu;69,9;Euronics
991;TIM - A31 PLUS-Grey;69,9;Euronics
992;BRONDI - Cellulare AMICO COMFORT-NERO OPACO;69,9;Euronics
993;GIGASET - Cellulare GL590-White;69,9;Euronics
994;BRONDI - PRESIDENT-Blu/Viola;69,9;Euronics
995;PANASONIC - KX-TU155EXRN-Rosso;69,9;Euronics
996;BRONDI - PRESIDENT-Bianco;69,9;Euronics
997;BEGHELLI - SALVALAVITA PHONE SLV20-GRIGIO SCURO;69,9;Euronics
998;BRONDI - PRESIDENT-Rosso;69,9;Euronics
987;BRONDI - AMICO CHIC-Nero;72,9;Euronics
986;MOTOROLA - MOTO E13-COSMIC BLACK;73,9;Euronics
984;MOTOROLA - SMARTPHONE MOTO E20-Graphite Grey;74,9;Euronics
985;BEGHELLI - SALVALAVITA PHONE SLV30-GPS-GRIGIO CHIARO;74,9;Euronics
982;TCL 405;75,9;Trony
983;TCL 405;75,9;Trony
981;TCL - Smartphone TCL 406S-BLU;77,9;Euronics
980;MOTOROLA - MOTO E13-CREAMY WHITE;78,9;Euronics
979;MOTOROLA MOTO E13 , 64 GB, BLACK;79;Mediaword
965;XIAOMI - REDMI 9A-Granite Gray;79,9;Euronics
966;XIAOMI - Smartphone REDMI A2 3+64GB-Light Blue;79,9;Euronics
967;MOTOROLA - MOTO E22I-Graphite Gray;79,9;Euronics
968;TCL - 405-purple;79,9;Euronics
969;MOTOROLA - MOTO E20-Graphite Gray;79,9;Euronics
970;TCL - 405-dark grey;79,9;Euronics
971;TCL - Smartphone TCL 406S-GREY;79,9;Euronics
972;NOKIA - Cellulare NOKIA 2660-PINK;79,9;Euronics
973;NOKIA - 2660-BLACK;79,9;Euronics
974;NOKIA - NOKIA 8210-SAND;79,9;Euronics
975;BRONDI - BOSS 4G-Bianco;79,9;Euronics
976;BRONDI - Cellulare INTREPID 4G-SUNSET GREEN;79,9;Euronics
977;TCL TCL 406S;79,9;Trony
978;TCL TCL 406S;79,9;Trony
962;XIAOMI - Smartphone REDMI A2 3+64GB-Light Green;80,9;Euronics
963;VODAFONE - REDMI A2 3-64GB 4G ANDROID GO-Black;80,9;Euronics
964;PANASONIC - Cellulare KX-TU250EXB-NERO;80,9;Euronics
959;NOKIA - 2660-RED;80,99;Euronics
960;NOKIA - NOKIA 8210-BLUE;80,99;Euronics
961;NOKIA - 2660-BLUE;80,99;Euronics
955;XIAOMI - Smartphone REDMI A2 3+64GB-Black;81,9;Euronics
956;WIND - 3 - XIAOMI Redmi A2-Blue;81,9;Euronics
957;WIND - 3 - XIAOMI Redmi A2-Green;81,9;Euronics
958;WIND - 3 - XIAOMI Redmi A2-Black;81,9;Euronics
954;BRONDI - AMICO FAVOLOSO-Nero;82,9;Euronics
953;TCL - 305I-blu;83,9;Euronics
952;NOKIA NOKIA C2 2E;85;Trony
949;TIM XIAOMI Redmi 9AT;89;Trony
950;TIM Redmi 12C 3GB RAM 32GB ROM;89;Trony
951;XIAOMI Redmi A2 Light Blue 2GB RAM 32GB ROM;89;Trony
934;TCL - Smartphone 408-MIDNIGHT BLUE;89,9;Euronics
935;REALME - C30-blu;89,9;Euronics
936;REALME - C30-grey;89,9;Euronics
937;XIAOMI - REDMI 10C 3+64GB-Mint Green;89,9;Euronics
938;REALME - C30-green;89,9;Euronics
939;TCL - Smartphone 408-GRAVITY GREY;89,9;Euronics
940;PANASONIC - KX-TU446EXG-Grigio;89,9;Euronics
941;BRONDI - AMICO MIO 4G-NERO;89,9;Euronics
942;PANASONIC - KX-TU446EXR-Rosso;89,9;Euronics
943;BRONDI - Cellulare AMICO FAVOLOSO-WHITE METAL;89,9;Euronics
944;MOTOROLA MOTO E13 2/64GB;89,9;Trony
945;TIM Nuovo MOTO E13 con ampio display HD+ da 6,5'', batteria da 5000mAh, e fotocamera da 13MP con Intelligenza Artificiale;89,9;Trony
946;VODAFONE Redmi A2 Black 3GB RAM 64GB ROM;89,9;Trony
947;MOTOROLA MOTO E13 2/64GB;89,9;Trony
948;TIM Redmi A2 Light Green 3GB RAM 64GB ROM;89,9;Trony
933;TCL TCL 408;90;Trony
931;BRONDI - AMICO SMARTPHONE XS-NERO;90,9;Euronics
932;BRONDI - AMICO PREZIOSO-BLACK METAL;90,9;Euronics
929;BRONDI - AMICO FAVOLOSO-Bianco;91,9;Euronics
930;BRONDI - AMICO SUPERVOICE-Nero/Silver;91,9;Euronics
927;XIAOMI - Smartphone REDMI 12C 3+32GB-Graphite Gray;93,9;Euronics
928;BRONDI - BOSS 4G-Verde;93,9;Euronics
920;GIGASET - Cellulare GL7-Nero;94,9;Euronics
921;BRONDI - AMICO PREZIOSO-BLUE METAL;94,9;Euronics
922;TIM Redmi 12C 3GB RAM 32GB ROM;94,9;Trony
923;XIAOMI Redmi 12C Mint Green 3GB RAM 32GB ROM;94,9;Trony
924;XIAOMI Redmi 12C Graphite Gray 3GB RAM 32GB ROM;94,9;Trony
925;XIAOMI Redmi 12C Ocean Blue 3GB RAM 32GB ROM;94,9;Trony
926;TCL TCL 408;94,9;Trony
918;XIAOMI - Smartphone REDMI 12C 3+32GB-Mint Green;96,9;Euronics
919;XIAOMI - Smartphone REDMI 12C 3+32GB-Ocean Blue;96,9;Euronics
916;XIAOMI Redmi 12C, 64 GB, Gray;99;Mediaword
917;REALME Note 50, 128 GB, BLACK;99;Mediaword
903;REALME - Smartphone REALME NOTE 50 128/4GB-Sky Blue;99,9;Euronics
904;REALME - Smartphone REALME NOTE 50 128/4GB-Midnight Black;99,9;Euronics
905;MOTOROLA - Smartphone MOTO G04 4/64GB-Satin Blue;99,9;Euronics
906;BRONDI - AMICO SMARTPHONE POCKET-BLACK;99,9;Euronics
907;MOTOROLA - Smartphone MOTO G04 4/64GB-Concord Black;99,9;Euronics
908;TCL - TCL 305-Atlantic Blue;99,9;Euronics
909;TCL - TCL 305-Space Gray;99,9;Euronics
910;BRONDI - Bar phone AMICO SMARTPHONE S+-NERO;99,9;Euronics
911;PANASONIC - Cellulare KX-TU550EXR-rosso;99,9;Euronics
912;BEGHELLI - Cellulare SLV30 GPS ALTAVOCE-Grigio;99,9;Euronics
913;BRONDI - BOSS 4G-Nero;99,9;Euronics
914;PANASONIC - Cellulare KX-TU550EXC-blu;99,9;Euronics
915;TIM Motorola Moto E22;99,9;Trony
902;HONOR X6 4G, 64 GB, BLACK;99,99;Mediaword
901;BRONDI - Cellulare AMICO MIO 4G-BRONZE METAL;101;Euronics
900;REALME REALME C31 64GB 4GB DARK GREE;105;Trony
895;TCL - Smartphone 505 128GB-SPACE GREY;106;Euronics
896;VODAFONE - XIAOMI Redmi 9AT 32GB-Granite grey;106;Euronics
897;"TIM Moto g24 con Display da 6.56"" HD+ 90 Hz, sistema di fotocamere da 50MP, Batteria da 5000 mAh, 4/128GB, Ice Green";106;Trony
898;TCL TCL 505 128 GB;106;Trony
899;"TIM Moto g24 con Display da 6.56"" HD+ 90 Hz, sistema di fotocamere da 50MP, Batteria da 5000 mAh, 4/128GB, Matte Charcoal";106;Trony
893;WIND - 3 - Samsung Galaxy A04s-Nero;108;Euronics
894;TCL TCL 505 128 GB;108;Trony
881;SAMSUNG - Samsung Galaxy A04s-Black;109;Euronics
882;SAMSUNG - GALAXY A04S-White;109;Euronics
883;SAMSUNG - Samsung Galaxy A04s-Green;109;Euronics
884;XIAOMI - Smartphone REDMI 12C 3+64GB-Graphite Gray;109;Euronics
885;VODAFONE - SAMSUNG Galaxy A04S 4G 32GB-Black;109;Euronics
886;MOTOROLA - Smartphone MOTO E13 8/128-Cosmic Black;109;Euronics
887;MOTOROLA - MOTO E22I-Winter White;109;Euronics
888;TCL - Smartphone 505 128GB-OCEAN BLUE;109;Euronics
889;MOTOROLA MOTO G32;109;Trony
890;XIAOMI REDMI 9A;109;Trony
891;MOTOROLA MOTO E22I;109;Trony
892;SAMSUNG Galaxy A04s 32GB, 32 GB, BLACK;109;Mediaword
880;MOTOROLA - Smartphone E32S-Grigio;110;Euronics
877;MOTOROLA - Smartphone MOTO G32-Dove Grey;111;Euronics
878;XIAOMI - Smartphone REDMI 12C 3+64GB-Ocean Blue;111;Euronics
879;XIAOMI - Smartphone REDMI 12C 3+64GB-Mint Green;111;Euronics
876;TCL - TCL 30SE-Atlantic Blue;113;Euronics
875;REALME - REALME C33 4+64-Night Sea;114;Euronics
871;XIAOMI Redmi A3 Star Blue 3GB RAM 64GB ROM;115;Trony
872;TCL TCL 40SE 128GB;115;Trony
873;TCL TCL 40SE 128GB;115;Trony
874;XIAOMI Redmi A3 Midnight Black 3GB RAM 64GB ROM;115;Trony
870;BRONDI - AMICO SMARTPHONE S+B-NERO;116;Euronics
866;XIAOMI - Smartphone REDMI A2 2+32GB-Light Green;116,99;Euronics
867;XIAOMI - Smartphone REDMI A2 2+32GB-Black;116,99;Euronics
868;XIAOMI - Redmi 9A-Granit grey;116,99;Euronics
869;XIAOMI - Smartphone REDMI A2 2+32GB-Light Blue;116,99;Euronics
865;TCL - Smartphone 40SE 128GB-DARK GREY;117;Euronics
833;TIM - SAMSUNG Galaxy A04S-Black;119;Euronics
834;MOTOROLA - Smartphone MOTO G14 4/128GB-Steel Grey;119;Euronics
835;OPPO - Smartphone A18 4+128-GLOWING BLACK;119;Euronics
836;MOTOROLA - Smartphone MOTO G14 4/128GB-Sky Blue;119;Euronics
837;TCL - Smartphone 40SE 128GB-PURPLE;119;Euronics
838;VODAFONE - OPPO A17 4G 64GB-Blu;119;Euronics
839;TCL - 305I-black;119;Euronics
840;XIAOMI - Smartphone REDMI A3 3+64GB-Forest Green;119;Euronics
841;VODAFONE - MOTOROLA Moto G14 4G 128GB-Grey;119;Euronics
842;BRONDI - AMICO SMARTPHONE XL-Nero;119;Euronics
843;WIND - 3 - XIAOMI Redmi 10 2022-Grey;119;Euronics
844;MOTOROLA - MOTO G13-CONCRETE;119;Euronics
845;OPPO - Smartphone A18 4+128-GLOWING BLUE;119;Euronics
846;XIAOMI - Smartphone REDMI A3 3+64GB ROM-Star Blue;119;Euronics
847;XIAOMI - Smartphone REDMI A3 3+64GB-Midnight Black;119;Euronics
848;REALME REALME C51 MINT GREEN (128GB 4GB) INT+NFC;119;Trony
849;TIM Galaxy A04s 3+32GB White;119;Trony
850;MOTOROLA MOTO G14 4/128GB;119;Trony
851;TCL TCL 305;119;Trony
852;REALME REALME C51 CARBON BLACK(128GB 4GB) INT+NFC;119;Trony
853;XIAOMI Redmi 10C 3+64GB Ocean Blue;119;Trony
854;MOTOROLA MOTO G14 4/128GB;119;Trony
855;BRONDI AMICO SMARTPHONE POCKET;119;Trony
856;XIAOMI Redmi 12C Graphite Gray 3GB RAM 64GB ROM;119;Trony
857;REALME REALME NOTE 50 MIDNIGHT BLACK (128GB 4 GB);119;Trony
858;XIAOMI Redmi 12C Mint Green 3GB RAM 64GB ROM;119;Trony
859;REALME REALME NOTE 50 SKY BLUE (128GB 4 GB);119;Trony
860;MOTOROLA MOTO G04 4/64GB;119;Trony
861;MOTOROLA MOTO G04 4/64GB;119;Trony
862;OPPO A18 4+128 GLOWING BLUE;119;Trony
863;OPPO A18 4+128 GLOWING BLACK;119;Trony
864;OPPO A18, 128 GB, BLACK;119;Mediaword
831;REALME - Smartphone REALME C51 (128GB 4GB) INT+NFC-Carbon Black;119,9;Euronics
832;REALME - Smartphone REALME C51 (128GB 4GB) INT+NFC-Mint Green;119,9;Euronics
830;TIM - REALME C31 (32GB)-Verde;120;Euronics
828;NOKIA NOKIA C32 4/64;123;Trony
829;XIAOMI Redmi A3 Forest Green 3GB RAM 64GB ROM;123;Trony
827;NOKIA - Smartphone NOKIA C32 4/64-GREEN;123,99;Euronics
826;TIM REALME C31 (32GB);125;Trony
802;XIAOMI - Smartphone REDMI 13C 4+128GB-Navy Blue;129;Euronics
803;XIAOMI - Smartphone REDMI 13C 4+128GB-Midnight Black;129;Euronics
804;XIAOMI - Smartphone REDMI 12C 4+128GB-Graphite Gray;129;Euronics
805;OPPO - Smartphone A17-Lake Blue;129;Euronics
806;MOTOROLA - MOTO G13-BLUE HERION;129;Euronics
807;MOTOROLA - MOTO E32-Slate Grey;129;Euronics
808;TCL - TCL 306-Space Gray;129;Euronics
809;XIAOMI - Smartphone REDMI 13C 4+128GB-Clover Green;129;Euronics
810;OPPO - Smartphone A17-Midnight Black;129;Euronics
811;XIAOMI - Smartphone REDMI 10C 4+128GB-Ocean Blue;129;Euronics
812;TIM - SAMSUNG Galaxy A04S-White;129;Euronics
813;VODAFONE - XIAOMI Redmi 12C 4G 4GB 128GB-Grey;129;Euronics
814;TIM OPPO A17;129;Trony
815;OPPO A17;129;Trony
816;TIM Nuovo Moto G13 con ampio display HD+ da 6,5'' con sistema a tripla fotocamera da 50MP, e batteria da 5000mAh;129;Trony
817;TCL TCL 306;129;Trony
818;TCL 30SE 64 GB;129;Trony
819;TCL TCL 306;129;Trony
820;TIM Galaxy A04s 3+32GB Black;129;Trony
821;MOTOROLA MOTO G24 4/128GB;129;Trony
822;SAMSUNG Galaxy A04s 3+32GB Black;129;Trony
823;TIM Galaxy A04s 3+32GB Green;129;Trony
824;MOTOROLA MOTO G24 4/128GB;129;Trony
825;OPPO A17;129;Trony
800;MOTOROLA - Smartphone MOTO G24 4/128GB-Ice Green;129,9;Euronics
801;MOTOROLA - Smartphone MOTO G24 4/128GB-Matte Charcoal;129,9;Euronics
796;HONOR - Smartphone X6A-Cyan Lake;132;Euronics
797;XIAOMI - Smartphone REDMI 12C 4+128GB-Mint Green;132;Euronics
798;HONOR - Smartphone X6A-Midnight Black;132;Euronics
799;TCL - TCL 30SE-Space Gray;132;Euronics
795;XIAOMI - Smartphone REDMI 12C 4+128GB-Ocean Blue;133;Euronics
793;WIND - 3 - XIAOMI Redmi A2 3+64-Black;134;Euronics
794;HONOR - X6-BLACK;134;Euronics
792;REALME - REALME C33 4+128-Night Sea;138;Euronics
772;OPPO - Smartphone A38-Glowing Black;139;Euronics
773;REALME - Smartphone C53 128GB 6GB INT+NFC-CHAMPION GOLD;139;Euronics
774;OPPO - Smartphone A38-Glowing Gold;139;Euronics
775;SAMSUNG - Smartphone GALAXY A05S-Black;139;Euronics
776;VODAFONE - MOTOROLA Moto G20-Blu;139;Euronics
777;REALME REALME C53 128GB 6GB INT+NFC;139;Trony
778;REALME REALME C53 128GB 6GB INT+NFC;139;Trony
779;XIAOMI Redmi 13C Navy Blue 4GB RAM 128GB ROM;139;Trony
780;TCL 30SE 64 GB;139;Trony
781;XIAOMI Redmi 13C Clover Green 4GB RAM 128GB ROM;139;Trony
782;XIAOMI Redmi 12C Ocean Blue 4GB RAM 128GB ROM;139;Trony
783;OPPO A38 GLOWING GOLD;139;Trony
784;OPPO A38 GLOWING BLACK;139;Trony
785;HONOR X6A;139;Trony
786;XIAOMI Redmi 12C Mint Green 4GB RAM 128GB ROM;139;Trony
787;TIM Galaxy A14 4+64GB Black;139;Trony
788;TIM Galaxy A14 4+64GB Silver;139;Trony
789;HONOR X6A;139;Trony
790;XIAOMI Redmi 13C Midnight Black 4GB RAM 128GB ROM;139;Trony
791;XIAOMI Redmi 12C Graphite Gray 4GB RAM 128GB ROM;139;Trony
771;REALME - Smartphone C53 128GB 6GB INT+NFC-MIGHTY BLACK;139,9;Euronics
769;TIM Redmi 13C Graphite Gray 8GB RAM 256GB ROM;144;Trony
770;XIAOMI Redmi A3 Star Blue 4GB RAM 128GB ROM;144;Trony
766;TIM Redmi 10C 3+64GB Graphite Gray;145;Trony
767;XIAOMI Smartphone Xiaomi Redmi 9C 4GB 128GB 128 GB Octa Core 4 GB RAM 6,53' 6.53';145;Trony
768;TCL TCL 40SE 256GB;145;Trony
739;SAMSUNG - GALAXY A14 128GB-Black;149;Euronics
740;XIAOMI - REDMI NOTE 11S 6+128GB-Graphite Gray;149;Euronics
741;XIAOMI - REDMI 13C 6+128GB-Midnight Black;149;Euronics
742;SAMSUNG - GALAXY A14 128GB-Light Green;149;Euronics
743;XIAOMI - REDMI 13C 6+128GB-Clover Green;149;Euronics
744;TCL - Smartphone 40SE 256GB-DARK GREY;149;Euronics
745;OPPO - Smartphone A57S-Sky Blue;149;Euronics
746;OPPO - Smartphone A57S-Starry Black;149;Euronics
747;TIM - XIAOMI Redmi 12c 128GB-Graphite Gray;149;Euronics
748;BRONDI - AMICO SMARTPHONE S-NERO;149;Euronics
749;VODAFONE - OPPO A17 4G 64GB-Black;149;Euronics
750;TCL - Smartphone 40SE 256GB-PURPLE;149;Euronics
751;XIAOMI - REDMI 13C 6+128GB-Navy Blue;149;Euronics
752;MOTOROLA - MOTO G23-CONCRETE;149;Euronics
753;WIND - 3 - SAMSUNG Galaxy A05s-Black;149;Euronics
754;TIM HONOR X7A è dotato di una batteria a lunga durata da 5.330 mAh con ricarica rapida a 22,5W, un sistema Quad Camera ultra;149;Trony
755;TIM REALME 8 5G (64GB);149;Trony
756;OPPO A57S;149;Trony
757;XIAOMI Redmi 13C Clover Green 6GB RAM 128GB ROM;149;Trony
758;MOTOROLA MOTO G32;149;Trony
759;TCL 30SE 128 GB;149;Trony
760;OPPO A57S;149;Trony
761;XIAOMI Redmi 13C Graphite Gray 6GB RAM 128GB ROM;149;Trony
762;OPPO A58 GLOWING BLACK;149;Trony
763;XIAOMI Redmi 12 Sky Blue 4GB RAM 128GB ROM;149;Trony
764;OPPO A58 DAZZLING GREEN;149;Trony
765;XIAOMI Redmi 13C 6+128, 128 GB, BLACK;149;Mediaword
738;XIAOMI - Smartphone REDMI 12 4+128GB-Polar Silver;149,9;Euronics
737;OPPO - Smartphone A17-Midnight Black;151;Euronics
736;OPPO - A16S-Pearl Blue;154;Euronics
733;XIAOMI - Smartphone REDMI 12 4+128GB-Sky Blue;155;Euronics
734;XIAOMI - Smartphone REDMI 12 4+128GB-Midnight Black;155;Euronics
735;XIAOMI Redmi 13C Navy Blue 8GB RAM 256GB ROM;155;Trony
710;SAMSUNG - GALAXY A14 128GB-Silver;159;Euronics
711;MOTOROLA - Smartphone MOTO G32 256GB-Dove Grey;159;Euronics
712;TIM - MOTOROLA Moto G54 5G-Midnight Blue;159;Euronics
713;SAMSUNG - GALAXY A05S 128 GB-Silver;159;Euronics
714;REALME - Smartphone REALME C55 128GB 6GB-RAINY NIGHT;159;Euronics
715;MOTOROLA - Smartphone MOTO G32 256GB-Soft Silver;159;Euronics
716;WIND - 3 - SAMSUNG Galaxy A14 128GB-Black;159;Euronics
717;OPPO - A16S-Crystal Black;159;Euronics
718;SAMSUNG Galaxy A14 4+128GB Black;159;Trony
719;TCL 30;159;Trony
720;TCL 30;159;Trony
721;SAMSUNG Galaxy A14 4+128GB Light Green;159;Trony
722;XIAOMI Redmi 12 Polar Silver 4GB RAM 128GB ROM;159;Trony
723;WIND Galaxy A14 4+128GB Black;159;Trony
724;REALME REALME C55 128GB 6GB RAINY NIGHT;159;Trony
725;REALME REALME 10 8 128 GB BLACK;159;Trony
726;SAMSUNG Galaxy A14 4+128GB Silver;159;Trony
727;TIM Galaxy A14 4+128GB Light Green;159;Trony
728;VODAFONE REDMI 10C 4G 128GB;159;Trony
729;SAMSUNG Galaxy A15 4+128GB Blue;159;Trony
730;SAMSUNG Galaxy A14 128GB, 128 GB, BLACK;159;Mediaword
731;SAMSUNG Galaxy A14 128GB, 128 GB, SILVER;159;Mediaword
732;SAMSUNG Galaxy A14 128GB, 128 GB, Light Green;159;Mediaword
705;OPPO - Smartphone A58-Dazzling Green;159,9;Euronics
706;REALME - Smartphone C51 256GB/6GB INT+NFC-Carbon Black;159,9;Euronics
707;REALME - Smartphone REALME C55 128GB 6GB-SUNSHOWER;159,9;Euronics
708;OPPO - Smartphone A58-Glowing Black;159,9;Euronics
709;REALME - Smartphone C51 256GB/6GB INT+NFC-Mint Green;159,9;Euronics
703;OPPO - Smartphone A17-Lake Blue;164;Euronics
704;MOTOROLA - MOTO G22-Cosmic Black;164;Euronics
701;NOKIA - Smartphone NOKIA G22 4/128-BLUE;164,99;Euronics
702;NOKIA - Smartphone NOKIA G22 4/128-GREY;164,99;Euronics
700;SAMSUNG Galaxy A15 128GB, 128 GB, BLACK/BLUE;166,99;Mediaword
699;SAMSUNG Galaxy A15 128GB, 128 GB, BLUE;167,99;Mediaword
698;TIM Redmi 13C Clover Green 8GB RAM 256GB ROM;168;Trony
675;XIAOMI - Smartphone REDMI 12 8+256GB-Sky Blue;169;Euronics
676;TCL - 30SE-Space Grey;169;Euronics
677;XIAOMI - Smartphone REDMI 12 8+256GB-Midnight Black;169;Euronics
678;REALME - REALME C53 256GB/8GB INT+NFC-Mighty Black;169;Euronics
679;MOTOROLA - Smartphone MOTO G14 8/256GB-Sky Blue;169;Euronics
680;MOTOROLA - Smartphone MOTO G14 8/256GB-Steel Grey;169;Euronics
681;TCL - 30SE-Atlantic Blue;169;Euronics
682;WIND - 3 - XIAOMI Redmi Note 11;169;Euronics
683;WIND - 3 - SAMSUNG Galaxy A14 128GB-Silver;169;Euronics
684;SAMSUNG - GALAXY A05S 128 GB-Light Green;169;Euronics
685;REALME - REALME C53 256GB/8GB INT+NFC HUAQ-Champion Gold;169;Euronics
686;VODAFONE XIAOMI REDMI 10C 4GB+64GB Graphite gray;169;Trony
687;REALME REALME C55 256GB 8GB RAINY NIGHT;169;Trony
688;XIAOMI REDMI NOTE 11 4+128GB;169;Trony
689;REALME REALME C53 MIGHTY BLACK (256GB 8GB) INT+NFC;169;Trony
690;SAMSUNG Galaxy A05s 4+128GB Light Green;169;Trony
691;TCL TCL 40 NXTPAPER;169;Trony
692;SAMSUNG Galaxy A05s 4+128GB Black;169;Trony
693;TCL TCL 40 NXTPAPER;169;Trony
694;REALME REALME C53 CHAMPION GOLD (256GB 8GB) INT+NFC HUAQ;169;Trony
695;MOTOROLA G73 5G, 256 GB, BLUE;169;Mediaword
696;MOTOROLA G73 5G, 256 GB, BLUE;169;Mediaword
697;XIAOMI Redmi 13C 8+256, 256 GB, BLACK;169;Mediaword
671;XIAOMI - REDMI 13C 8+256GB-Midnight Black;169,9;Euronics
672;XIAOMI - REDMI 13C 8+256GB-Clover Green;169,9;Euronics
673;XIAOMI - REDMI 13C 8+256GB-Navy Blue;169,9;Euronics
674;XIAOMI - REDMI 13C 8+256GB-Glacier White;169,9;Euronics
670;TCL - Smartphone TCL 40 NXTPAPER-BLUE;170;Euronics
669;XIAOMI - Smartphone REDMI 12 8+256GB-Polar Silver;171;Euronics
668;TCL - Smartphone TCL 40 NXTPAPER-WHITE;173;Euronics
643;SAMSUNG - GALAXY A05S 128 GB-Black;179;Euronics
644;SAMSUNG - GALAXY A15-Blue;179;Euronics
645;REALME - Smartphone REALME C55 256GB 8GB-RAINY NIGHT;179;Euronics
646;SAMSUNG - GALAXY A15-Blue Black;179;Euronics
647;REALME - 10-black;179;Euronics
648;VODAFONE - Smartphone XIAOMI REDMI 12 8+256GB-Black;179;Euronics
649;SAMSUNG - GALAXY A15-Yellow;179;Euronics
650;VIVO MOBILE - Y33S-Mirror Black;179;Euronics
651;VODAFONE - OPPO A16S-Pearl Blue;179;Euronics
652;WIND - 3 - OPPO A57s-Starry Black;179;Euronics
653;VIVO MOBILE - Y21-Metallic Blue;179;Euronics
654;TIM - SAMSUNG Galaxy A14 4G 128GB-Black;179;Euronics
655;VODAFONE - XIAOMI Redmi 10C 4-64GB-Graphite gray;179;Euronics
656;HONOR X7BOOST 6G+128G;179;Trony
657;HONOR X8A;179;Trony
658;XIAOMI Redmi Note 12 Onyx Gray 4GB RAM 128GB ROM;179;Trony
659;REALME REALME 10 256GB 8GB RUSH BLACK INT+NFC;179;Trony
660;VODAFONE Redmi 12 Midnight Black 8GB RAM 256GB ROM;179;Trony
661;HONOR X8A;179;Trony
662;HONOR X8A;179;Trony
663;REALME REALME C51 MINT GREEN (256GB 6 GB) INT+NFC;179;Trony
664;XIAOMI Redmi Note 12 Ice Blue 4GB RAM 128GB ROM;179;Trony
665;HONOR X7BOOST 6G+128G;179;Trony
666;MOTOROLA MOTO G14 8/256GB;179;Trony
667;MOTOROLA MOTO G14 8/256GB;179;Trony
641;OPPO - Smartphone A78-Aqua Green;179,9;Euronics
642;OPPO - Smartphone A78-Mist Black;179,9;Euronics
639;HONOR - Smartphone X7BOOST 6G+128G-Midnight Black;180;Euronics
640;HONOR - Smartphone X7BOOST 6G+128G-Emerald Green;180;Euronics
638;HONOR - X8A-MIDNIGHT BLACK;182;Euronics
637;XIAOMI - Smartphone REDMI NOTE 12 4+128GB-Onyx Gray;183;Euronics
634;VODAFONE - OPPO A16S-Nero;184;Euronics
635;XIAOMI - Smartphone REDMI NOTE 12 4+128GB-Ice Blue;184;Euronics
636;WIND - 3 - OPPO A77 5G 64GB-Nero;184;Euronics
632;TCL 30+;185;Trony
633;XIAOMI Redmi 12 Sky Blue 8GB RAM 256GB ROM;185;Trony
627;XIAOMI - SMARTPHONE REDMI NOTE 11 4+128GB-Twilight Blue;189;Euronics
628;OPPO - A54S-Crystal Black;189;Euronics
629;OPPO - A54S-Pearl Blue;189;Euronics
630;REALME REALME C67 BLACK ROCK (256GB 8GB) INT+NFC;189;Trony
631;XIAOMI Redmi Note 12 Mint Green 8GB RAM 256GB ROM;189;Trony
626;XIAOMI - Smartphone REDMI NOTE 12 8+256GB-Onyx Gray;194;Euronics
625;TIM Xiaomi Redmi Note 11;195;Trony
600;XIAOMI - Smartphone REDMI NOTE 13 6+128GB-Ice Blue;199;Euronics
601;ONEPLUS - Smartphone Nord CE 3 Lite 5G-Lime;199;Euronics
602;OPPO - A78 5G 8+128-Glowing Black;199;Euronics
603;REALME - Smartphone REALME 10 256GB 8GB-CLASH WHITE;199;Euronics
604;HONOR - Smartphone HONOR 90 LITE-Cyan Lake;199;Euronics
605;ONEPLUS - Smartphone Nord CE 3 Lite 5G-Grey;199;Euronics
606;XIAOMI - Smartphone REDMI NOTE 13 6+128GB-Mint Green;199;Euronics
607;XIAOMI - Smartphone REDMI NOTE 13 6+128GB-Midnight Black;199;Euronics
608;OPPO - Smartphone A79 5G 4+128-MYSTERY BLACK;199;Euronics
609;TCL - 30-Blu;199;Euronics
610;OPPO - A96-Starry Black;199;Euronics
611;TCL - Smartphone 40 NXTPAPER 5G-STARLIGHT BLACK;199;Euronics
612;OPPO - Smartphone A77 5G 6+128-MIDNIGHT BLACK;199;Euronics
613;REALME - Smartphone REALME 10 256GB 8GB-RUSH BLACK;199;Euronics
614;TCL 40 NXTPAPER 5G STARLIGHT BLACK;199;Trony
615;XIAOMI Redmi Note 12 Onyx Gray 8GB RAM 256GB ROM;199;Trony
616;HONOR 90 LITE;199;Trony
617;OPPO A78 5G 8+128;199;Trony
618;HONOR 90 LITE;199;Trony
619;TIM OPPO A57s;199;Trony
620;XIAOMI Redmi Note 13 Mint Green 6GB RAM 128GB ROM;199;Trony
621;XIAOMI Redmi Note 13 Ice Blue 6GB RAM 128GB ROM;199;Trony
622;OPPO A79 5G 4+128 MYSTERY BLACK;199;Trony
623;XIAOMI Redmi Note 13 Midnight Black 6GB RAM 128GB ROM;199;Trony
624;HONOR 90 Lite 5G, 256 GB, CYAN;199;Mediaword
598;REALME - Smartphone REALME C67 (256GB 8GB) INT+NFC-Sunny Oasis;199,9;Euronics
599;REALME - Smartphone REALME C67 (256GB 8GB) INT+NFC-Black Rock;199,9;Euronics
597;HONOR - Smartphone HONOR 90 LITE-Midnight Black;203;Euronics
596;MOTOROLA - Smartphone EDGE 30 NEO-Black Onyx;208;Euronics
595;VODAFONE - OPPO A57S-Blue;214;Euronics
593;TIM - OPPO A58-Glowing Black;215;Euronics
594;"VODAFONE SMARTPHONE DS MOTOROLA"" G31"" 6.4"" 4G GREY";215;Trony
589;TCL - 30+-Blu;216;Euronics
590;TIM Galaxy A15 4+128GB Blue;216;Trony
591;TIM Galaxy A15 4+128GB Yellow;216;Trony
592;TIM Galaxy A15 4+128GB Blue Black;216;Trony
586;TIM Redmi Note 13 Midnight Black 8GB RAM 256GB ROM;217;Trony
587;TIM Redmi Note 13 Ice Blue 8GB RAM 256GB ROM;217;Trony
588;TIM Redmi Note 13 Mint Green 8GB RAM 256GB ROM;217;Trony
583;XIAOMI Redmi 10 2022, Level Up! XIAOMI - REDMI 10 2022 4+128GB;219;Trony
584;XIAOMI Redmi 10 2022, Level Up! XIAOMI - REDMI 10 2022 4+128GB;219;Trony
585;XIAOMI Redmi 10 2022, Level Up! XIAOMI - REDMI 10 2022 4+128GB;219;Trony
579;XIAOMI - REDMI 10 2022 4+128GB-Carbon Gray;224;Euronics
580;XIAOMI - REDMI 10 2022 4+128GB-Sea Blue;224;Euronics
581;MOTOROLA - EDGE 30 NEO-Black Onix;224;Euronics
582;XIAOMI - REDMI 10 2022 4+128GB-Pebble White;224;Euronics
577;XIAOMI Redmi Note 13 Midnight Black 8GB RAM 256GB ROM;228;Trony
578;XIAOMI Redmi Note 13 Ice Blue 8GB RAM 256GB ROM;228;Trony
567;XIAOMI - Smartphone REDMI NOTE 13 8+256-Midnight Black;229;Euronics
568;VODAFONE - MOTOROLA MOTO G84-Blu;229;Euronics
569;OPPO - A78 5G 4+128-Glowing Black;229;Euronics
570;VODAFONE - OPPO A54S-Pearl Blue;229;Euronics
571;WIND - 3 - XIAOMI Redmi 10 128GB-Sea blue;229;Euronics
572;VODAFONE - OPPO A54S-Nero;229;Euronics
573;WIND - 3 - XIAOMI Redmi Note 12 8+256-Onyx Grey;229;Euronics
574;MOTOROLA EDGE 30 NEO;229;Trony
575;SAMSUNG Galaxy A33 5G 6+128GB Awesome Black;229;Trony
576;XIAOMI Redmi Note 13, 256 GB, BLACK;229;Mediaword
566;XIAOMI - Smartphone REDMI NOTE 12 5G 4+128GB-Ice Blue;231;Euronics
565;VODAFONE - RENO 8 LITE-Nero;232;Euronics
564;VODAFONE - XIAOMI Redmi Note 10S 4G 128GB-Blue;233;Euronics
563;VODAFONE - OPPO A58-Glowing Black;234;Euronics
562;XIAOMI - Smartphone REDMI NOTE 12 5G 4+128GB-Onyx Gray;236;Euronics
561;OPPO RENO8 T;239;Trony
560;XIAOMI - Smartphone REDMI NOTE 12 5G 4+128GB-Forest Green;240;Euronics
559;XIAOMI Redmi Note 13 Mint Green 8GB RAM 256GB ROM;242;Trony
558;XIAOMI - SMARTPHONE REDMI NOTE 11 4+128GB-Graphite Gray;246;Euronics
557;OPPO A79 5G 8+256 DAZZLING PURPLE;247;Trony
542;REALME - Smartphone REALME 11 5G 256GB 8GB INT+NFC-Glory Black;249;Euronics
543;REALME - Smartphone REALME 11 5G 256GB 8GB INT+NFC-Glory Gold;249;Euronics
544;VODAFONE - REDMI NOTE 10 5G 128GB-Blu;249;Euronics
545;VODAFONE - OPPO A54 5G-Viola;249;Euronics
546;XIAOMI - Smartphone REDMI NOTE 12 PRO 4G 6+128GB-Graphite Gray;249;Euronics
547;XIAOMI Redmi Note 12 Pro 4G Polar White 6GB RAM 128GB ROM;249;Trony
548;MOTOROLA MOTO G84;249;Trony
549;MOTOROLA MOTO G84;249;Trony
550;MOTOROLA MOTO G84;249;Trony
551;REALME REALME 11 5G 256GB 8GB GLORY GOLD INT+NFC;249;Trony
552;XIAOMI Redmi Note 12 Pro 4G Graphite Gray 6GB RAM 128GB ROM;249;Trony
553;HONOR X8B + EARBUDS;249;Trony
554;REALME REALME 11 5G 256GB 8GB GLORY BLACK INT+NFC;249;Trony
555;SAMSUNG Galaxy A33 128GB 5G, 128 GB, BLACK;249;Mediaword
556;MOTOROLA Moto G84 5G, 256 GB, MIDNIGHT BLUE;249;Mediaword
536;MOTOROLA - Smartphone MOTO G54 5G 12/256GB-Glacier Blue;249,9;Euronics
537;MOTOROLA - Smartphone MOTO G84-Outer Space;249,9;Euronics
538;MOTOROLA - Smartphone MOTO G84-Ballad Blue;249,9;Euronics
539;OPPO - Smartphone A79 5G 8+256-MYSTERY BLACK;249,9;Euronics
540;MOTOROLA - Smartphone MOTO G54 5G 12/256GB-Midnight Blue;249,9;Euronics
541;MOTOROLA - Smartphone MOTO G84-Viva Magenta;249,9;Euronics
531;XIAOMI - Smartphone REDMI NOTE 12 PRO 4G 6+128GB-Glacier Blue;250;Euronics
532;TIM - XIAOMI Redmi 10 5G-Graphite Gray;250;Euronics
533;MOTOROLA MOTO G54 5G 12/256GB;250;Trony
534;MOTOROLA MOTO G54 5G 12/256GB;250;Trony
535;OPPO A79 5G 8+256 MYSTERY BLACK;250;Trony
530;XIAOMI - Smartphone REDMI NOTE 12 PRO 4G 6+128GB-Polar White;256;Euronics
529;OPPO - RENO8 T-Midnight Black;257;Euronics
528;OPPO - A78 5G 8+128-Glowing Blue;258;Euronics
525;SAMSUNG - Smartphone GALAXY A33 5G-Awesome Black;259;Euronics
526;XIAOMI - Smartphone REDMI NOTE 12 PRO 4G 8+256GB-Graphite Gray;259;Euronics
527;MOTOROLA - MOTO G42-Green;259;Euronics
513;XIAOMI - Smartphone REDMI NOTE 13 5G 8+256-Graphite Black;269;Euronics
514;XIAOMI - Smartphone REDMI NOTE 13 5G 8+256-Ocean Teal;269;Euronics
515;HONOR - Smartphone X8BOOST 8G+256G-Glamorous Green;269;Euronics
516;XIAOMI - Smartphone REDMI NOTE 13 5G 8+256-Arctic White;269;Euronics
517;OPPO - Smartphone A98 5G-Dreamy Blue;269;Euronics
518;WIND - 3 - SAMSUNG Galaxy A14 5G 128GB-Black;269;Euronics
519;HONOR - Smartphone X8B + X6 WHITE EARBUDS-BLACK WHITE;269;Euronics
520;TIM XIAOMI Redmi Note 13 5G (8/256GB);269;Trony
521;TIM XIAOMI Redmi Note 13 5G (8/256GB);269;Trony
522;HONOR X8B 8+256GB + BUDS X6, 256 GB, BLACK;269;Mediaword
523;XIAOMI Redmi Note 13 5G, 256 GB, Graphite;269;Mediaword
524;HONOR X8B 8+256GB + BUDS X5, 256 GB, GREEN;269;Mediaword
512;HONOR - Smartphone X8B + EARBUDS-Glamorous Green;269,9;Euronics
511;VIVO MOBILE - Y72-Graphite Black;271;Euronics
510;XIAOMI - Smartphone REDMI NOTE 12 4+128GB-Mint Green;273;Euronics
509;OPPO - Smartphone A98 5G-Cool Black;274;Euronics
508;VODAFONE - SAMSUNG Galaxy A34 5G 128GB-Black;277;Euronics
490;SAMSUNG - GALAXY A25 5G 128GB-Blue Black;279;Euronics
491;SAMSUNG - GALAXY A25 5G 128GB-Blue;279;Euronics
492;TIM - SAMSUNG Galaxy A34 5G 128GB-Awesome Lime;279;Euronics
493;VODAFONE - A25 5G 128GB-Black;279;Euronics
494;OPPO - RENO8 LITE 5G-Cosmic Black;279;Euronics
495;SAMSUNG - GALAXY A25 5G 128GB-Yellow;279;Euronics
496;XIAOMI - Smartphone REDMI NOTE 12 PRO 5G 6+128GB-Sky Blue;279;Euronics
497;XIAOMI - Smartphone REDMI NOTE 12 PRO 5G 6+128GB-Midnight Black;279;Euronics
498;XIAOMI Redmi Note 12 Pro 5G Sky Blue 6GB RAM 128GB ROM;279;Trony
499;XIAOMI Redmi Note 12 Pro 5G Midnight Black 6GB RAM 128GB ROM;279;Trony
500;SAMSUNG Galaxy A25 5G 6+128GB Blue Black;279;Trony
501;XIAOMI Redmi Note 12 Pro 5G Polar White 6GB RAM 128GB ROM;279;Trony
502;SAMSUNG Galaxy A25 5G 6+128GB Blue;279;Trony
503;XIAOMI Redmi Note 13 5G Graphite Black 8GB RAM 256GB ROM;279;Trony
504;VODAFONE Redmi Note 12 Pro 5G Midnight Black 6GB RAM 128GB ROM;279;Trony
505;SAMSUNG Galaxy A25 5G 6+128GB Yellow;279;Trony
506;SAMSUNG Galaxy A34 5G 6+128GB Awesome Violet;279;Trony
507;SAMSUNG GALAXY A53 5G EE (6/128), 128 GB, BLACK;279;Mediaword
489;WIND - 3 - SAMSUNG Galaxy A34 5G 128GB-Awesome Graphite;284;Euronics
482;SAMSUNG - GALAXY A34 5G 128GB-Awesome Violet;289;Euronics
483;VIVO MOBILE - Y76 5G-Midnight Space;289;Euronics
484;TIM Galaxy A34 5G 6+128GB Awesome Graphite;289;Trony
485;OPPO FIND X3 LITE;289;Trony
486;OPPO FIND X3 LITE;289;Trony
487;MOTOROLA EDGE 40 NEO;289;Trony
488;MOTOROLA EDGE 40 NEO;289;Trony
481;XIAOMI - Smartphone REDMI NOTE 12 PRO 5G 6+128GB-Polar White;293;Euronics
480;OPPO - FIND X5 LITE-Startrails Blue;295;Euronics
465;SAMSUNG - Smartphone GALAXY A53 5G-Awesome Black;299;Euronics
466;TIM - SAMSUNG Galaxy A34 5G 128GB-Awesome Violet;299;Euronics
467;WIND - 3 - SAMSUNG Galaxy A34 5G 128GB-Awesome Silver;299;Euronics
468;TIM - SAMSUNG Galaxy A34 5G 128GB-Black;299;Euronics
469;HONOR - Smartphone MAGIC6 LITE 5G 8G+256G-Midnight Black;299;Euronics
470;WIND - 3 - SAMSUNG Galaxy A34 5G 128GB-Awesome Violet;299;Euronics
471;TIM - SAMSUNG Galaxy A34 5G 128GB-Silver;299;Euronics
472;VODAFONE - HONOR 90 LITE 5G-Black;299;Euronics
473;REALME REALME 11 PRO 5G 256GB 8GB ASTRAL BLACK;299;Trony
474;HONOR MAGIC6 LITE 5G 8G+256G;299;Trony
475;HONOR MAGIC6 LITE 5G 8G+256G;299;Trony
476;OPPO A94 5G;299;Trony
477;SAMSUNG GALAXY XCOVER 5 ENTERPRISE EDITION;299;Trony
478;SAMSUNG Galaxy A34 5G 256GB, 256 GB, LAVENDER;299;Mediaword
479;HONOR Magic 6 Lite 5G, 256 GB, GREEN;299;Mediaword
464;HONOR - Smartphone MAGIC6 LITE 5G 8G+256G-Emerald Green;300;Euronics
463;SAMSUNG - GALAXY A25 5G 256 GB-Blue;303;Euronics
461;SAMSUNG - GALAXY A34 5G 256GB-Awesome Silver;304;Euronics
462;SAMSUNG - GALAXY A23 5G-Light Blue;304;Euronics
460;SAMSUNG - GALAXY A34 5G 128GB-Awesome Silver;306;Euronics
459;SAMSUNG - GALAXY A34 5G 128GB-Awesome Lime;307;Euronics
455;SAMSUNG - GALAXY A25 256 GB-Yellow;309;Euronics
456;SAMSUNG Galaxy A25 5G 8+256GB Yellow;309;Trony
457;SAMSUNG Galaxy A25 5G 8+256GB Blue Black;309;Trony
458;SAMSUNG Galaxy A25 5G 8+256GB Blue;309;Trony
452;SAMSUNG - GALAXY A34 5G 128GB-Awesome Graphite;319;Euronics
453;SAMSUNG - GALAXY A25 5G 256 GB-Blue Black;319;Euronics
454;SAMSUNG Galaxy A34 5G 128GB, 128 GB, Awesome Graphite;319;Mediaword
451;SAMSUNG - GALAXY A34 5G 256GB-Awesome Lime;328;Euronics
442;XIAOMI - REDMI NOTE 13 PRO 8+256-Forest Green;329;Euronics
443;XIAOMI - REDMI NOTE 13 PRO 8+256-Midnight Black;329;Euronics
444;OPPO - FIND X5 LITE-Starry Black;329;Euronics
445;VIVO MOBILE - Y76 5G-Cosmic Aurora;329;Euronics
446;SAMSUNG Galaxy A34 5G 8+256GB Awesome Graphite;329;Trony
447;SAMSUNG Galaxy A34 5G 8+256GB Awesome Violet;329;Trony
448;SAMSUNG Galaxy A53 5G 6+128GB Awesome Black;329;Trony
449;SAMSUNG Galaxy A34 8+256GB Awesome Lime;329;Trony
450;SAMSUNG Galaxy A34 5G 256GB, 256 GB, Awesome Graphite;329;Mediaword
441;SAMSUNG - GALAXY A34 5G 256GB-Awesome Graphite;330;Euronics
437;VODAFONE Galaxy A33 5G;339;Trony
438;XIAOMI Redmi Note 13 Pro Lavender Purple 8GB RAM 256GB ROM;339;Trony
439;XIAOMI Redmi Note 13 Pro Midnight Black 8GB RAM 256GB ROM;339;Trony
440;XIAOMI Redmi Note 13 Pro Forest Green 8GB RAM 256GB ROM;339;Trony
436;XIAOMI - Smartphone REDMI NOTE 12 PRO 4G 8+256GB-Glacier Blue;346;Euronics
431;SAMSUNG - GALAXY A34 5G 256GB-Awesome Violet;349;Euronics
432;VODAFONE - XIAOMI MI 11 LITE 5G 128GB-Green;349;Euronics
433;VIVO MOBILE - V21-Sunset Dazzle;349;Euronics
434;MOTOROLA - Smartphone EDGE 40 NEO-Black Beauty;349;Euronics
435;VIVO MOBILE - V21-Dusk Blue;349;Euronics
429;MOTOROLA - Smartphone EDGE 40 NEO-Soothing Sea;349,9;Euronics
430;MOTOROLA - Smartphone EDGE 40 NEO-Caneel Bay;349,9;Euronics
424;OPPO - Smartphone RENO10 5G-Silvery Grey;359;Euronics
425;OPPO - Smartphone RENO10 5G-Ice Blue;359;Euronics
426;OPPO RENO10 5G SILVERY GREY;359;Trony
427;OPPO RENO10 5G ICE BLUE;359;Trony
428;OPPO RENO10 5G, 256 GB, GREY;359;Mediaword
419;XIAOMI - XIAOMI 12 LITE 8+128GB-Black;369;Euronics
420;XIAOMI Redmi Note 13 Pro Lavender Purple 12GB RAM 512GB ROM;369;Trony
421;XIAOMI Redmi Note 13 Pro Forest Green 12GB RAM 512GB ROM;369;Trony
422;XIAOMI Redmi Note 13 Pro Midnight Black 12GB RAM 512GB ROM;369;Trony
423;SAMSUNG Galaxy A54 5G 128GB, 128 GB, Awesome Graphite;369;Mediaword
418;VODAFONE - SAMSUNG Galaxy A54 5G 128GB-Nero;370;Euronics
411;XIAOMI - REDMI NOTE 13 PRO 12+512-Lavender Purple;379;Euronics
412;REALME - Smartphone REALME 11 PRO+ 5G 512GB 12GB-ASTRAL BLACK;379;Euronics
413;XIAOMI - REDMI NOTE 13 PRO 12+512-Midnight Black;379;Euronics
414;XIAOMI - Smartphone REDMI NOTE 13 PRO 5G 8+256-Midnight Black;379;Euronics
415;XIAOMI - Smartphone REDMI NOTE 12 PRO+ 5G 8+256GB-Blue;379;Euronics
416;XIAOMI - Smartphone REDMI NOTE 12 PRO+ 5G 8+256GB-Midnight Black;379;Euronics
417;XIAOMI Redmi Note 12 Pro+ 5G Midnight Black 8GB RAM 256GB ROM;379;Trony
410;XIAOMI Redmi Note 13 Pro 5G, 256 GB, BLACK;379,99;Mediaword
409;SAMSUNG - GALAXY A54 5G 128GB-Awesome Violet;385;Euronics
407;XIAOMI - XIAOMI 11T 5G 8+128GB-Meteorite Gray;389;Euronics
408;HONOR - MAGIC 5 LITE-BLACK;389;Euronics
406;SAMSUNG - GALAXY A54 5G 128GB-Awesome Graphite;396;Euronics
390;ONEPLUS - Smartphone SMP.ONE+ NORD 3 5G-Grigio;399;Euronics
391;SAMSUNG - GALAXY A54 5G 128GB-Awesome White;399;Euronics
392;MOTOROLA - Smartphone EDGE 40-Reseda Green;399;Euronics
393;XIAOMI - Smartphone XIAOMI 13 LITE 8+128GB-Black;399;Euronics
394;WIND - 3 - SAMSUNG Galaxy A54 5G 128GB-Awesome Graphite;399;Euronics
395;XIAOMI - Smartphone XIAOMI 13 LITE 8+128GB-Blu;399;Euronics
396;MOTOROLA - Smartphone EDGE 40 NEO-Peach Fuzz;399;Euronics
397;TIM Galaxy A54 5G 8+128GB Awesome Graphite;399;Trony
398;XIAOMI REDMI NOTE 11 PRO+ 5G 8+256GB;399;Trony
399;REALME REALME 11 PRO+ 5G 512GB 12GB ASTRAL BLACK;399;Trony
400;XIAOMI Redmi Note 13 Pro 5G Ocean Teal 8GB RAM 256GB ROM;399;Trony
401;XIAOMI Redmi Note 13 Pro 5G Midnight Black 8GB RAM 256GB ROM;399;Trony
402;SAMSUNG Galaxy A54 5G 256GB, 256 GB, Awesome Graphite;399;Mediaword
403;HONOR 90 5G, 512 GB, GREEN;399;Mediaword
404;HONOR 90 5G, 512 GB, BLACK;399;Mediaword
405;HONOR 90 5G, 512 GB, SILVER;399;Mediaword
389;XIAOMI Redmi Note 13 Pro 5G, 256 GB, BLUE;399,9;Mediaword
388;OPPO - Smartphone RENO8 5G-Shimmer Gold;404;Euronics
387;XIAOMI - REDMI NOTE 11 PRO+ 5G 8+256GB-GRAPHITE GRAY;417;Euronics
386;SAMSUNG - GALAXY A54 5G 128GB-Awesome Lime;419;Euronics
381;HONOR 90;429;Trony
382;HONOR 90;429;Trony
383;XIAOMI Redmi Note 13 Pro 5G Midnight Black 12GB RAM 512GB ROM;429;Trony
384;XIAOMI Redmi Note 13 Pro 5G Ocean Teal 12GB RAM 512GB ROM;429;Trony
385;XIAOMI Redmi Note 13 Pro 5G Aurora Purple 12GB RAM 512GB ROM;429;Trony
380;HONOR - Smartphone HONOR 90-Emerald Green;429,9;Euronics
379;TIM - SAMSUNG Galaxy A54 5G 128GB-Awesome Graphite;430;Euronics
378;REALME 12 Pro 5G, 256 GB, BLUE;444,99;Mediaword
374;XIAOMI - Smartphone REDMI NOTE 13 PRO+ 5G 8+256-Aurora Purple;449;Euronics
375;XIAOMI - Smartphone REDMI NOTE 13 PRO+ 5G 8+256-Midnight Black;449;Euronics
376;XIAOMI - Smartphone REDMI NOTE 13 PRO+ 5G 8+256-Moonlight White;449;Euronics
377;XIAOMI Xiaomi 13 Lite Black 8GB RAM 128GB ROM;449;Trony
373;OPPO - Smartphone RENO10 PRO 5G-Silvery Grey;450;Euronics
370;SAMSUNG Galaxy A54 5G 8+256GB Awesome Lime;459;Trony
371;SAMSUNG Galaxy A54 5G 8+256GB Awesome White;459;Trony
372;SAMSUNG Galaxy A54 5G 8+256GB Awesome Violet;459;Trony
367;XIAOMI Redmi Note 13 Pro+ 5G Midnight Black 12GB RAM 512GB ROM;479;Trony
368;XIAOMI Redmi Note 13 Pro+ 5G Moonlight White 12GB RAM 512GB ROM;479;Trony
369;XIAOMI Redmi Note 13 Pro+ 5G Aurora Purple 12GB RAM 512GB ROM;479;Trony
366;XIAOMI - Smartphone REDMI NOTE 12 PRO+ 5G 8+256GB-Polar White;486;Euronics
362;SAMSUNG - GALAXY A54 5G 256GB-Awesome Violet;489;Euronics
363;SAMSUNG - GALAXY A54 5G 256GB-Awesome White;489;Euronics
364;SAMSUNG - GALAXY A54 5G 256GB-Awesome Graphite;489;Euronics
365;SAMSUNG - GALAXY A54 5G 256GB-Awesome Lime;489;Euronics
354;OPPO - RENO8 PRO 5G-Glazed Green;499;Euronics
355;WIND - 3 - SAMSUNG Galaxy A54 5G 128GB-Awesome Lime;499;Euronics
356;XIAOMI Xiaomi 13T Meadow Green 8GB RAM 256GB ROM;499;Trony
357;XIAOMI Xiaomi 13T Black 8GB RAM 256GB ROM;499;Trony
358;OPPO RENO10 PRO 5G SILVERY GREY;499;Trony
359;SAMSUNG Galaxy S22 128GB, 128 GB, BLACK;499;Mediaword
360;XIAOMI 13T, 256 GB, BLACK;499;Mediaword
361;SAMSUNG Galaxy S22 128GB, 128 GB, WHITE;499;Mediaword
351;XIAOMI - Smartphone XIAOMI 13T 8+256GB-Nero;499,9;Euronics
352;XIAOMI - Smartphone REDMI NOTE 13 PRO+ 5G 12+512-Midnight Black;499,9;Euronics
353;XIAOMI - Smartphone XIAOMI 13T 8+256GB-Meadow Green;499,9;Euronics
350;VODAFONE - SAMSUNG Galaxy S22 5G 128GB-Nero;514;Euronics
347;APPLE - iPhone 11 64GB (Senza accessori)-Bianco;539;Euronics
348;APPLE iPhone 11 64GB (2020);539;Trony
349;APPLE iPhone 11 64GB (2020);539;Trony
346;XIAOMI - XIAOMI 11T 5G 8+128GB-Celestial Blue;547;Euronics
345;REALME 12 PRO+ 5G 12+512, 512 GB, Beige;547,99;Mediaword
344;APPLE iPhone 12 128GB Bianco;549;Mediaword
343;APPLE - iPhone 11 128GB (Senza accessori)-Nero;556;Euronics
341;APPLE - iPhone 12 64GB-Nero;557;Euronics
342;APPLE - iPhone 11 128GB (Senza accessori)-Bianco;557;Euronics
340;APPLE - iPhone 11 64GB (Senza accessori)-Nero;559;Euronics
339;OPPO - RENO8 PRO 5G-Glazed Black;569;Euronics
337;APPLE iPhone 11 128GB (2020);579;Trony
338;APPLE iPhone 11 128GB (2020);579;Trony
334;HONOR - HONOR 70 8+256-Midnight Black;599;Euronics
335;SAMSUNG - GALAXY S22 256GB-Phantom Black;599;Euronics
336;HONOR - HONOR 70 8+256-Emerald Green;599;Euronics
333;APPLE - iPhone 12 128GB-Nero;606;Euronics
332;APPLE - iPhone 12 128GB-Bianco;617;Euronics
331;APPLE - iPhone 13 128GB-Galassia;622;Euronics
326;APPLE iPhone 13 128GB Mezzanotte;629;Mediaword
327;APPLE iPhone 13 128Gb Rosa;629;Mediaword
328;APPLE iPhone 13 128GB Blu;629;Mediaword
329;APPLE iPhone 13 128GB Galassia;629;Mediaword
330;APPLE iPhone 13 128GB Verde;629;Mediaword
320;MOTOROLA - Smartphone RAZR 40-Sage Green;649;Euronics
321;SAMSUNG - GALAXY S21 5G-Phantom Gray;649;Euronics
322;VODAFONE - SAMSUNG Galaxy S23 128GB-Black;649;Euronics
323;APPLE iPhone 13 128GB;649;Trony
324;SAMSUNG Galaxy S23 FE 8+128GB Graphite;649;Trony
325;MOTOROLA MOTOROLA RAZR 40;649;Trony
316;SAMSUNG - Smartphone GALAXY S23 FE-Cream;659;Euronics
317;SAMSUNG - Smartphone GALAXY S23 FE-Graphite;659;Euronics
318;SAMSUNG - Smartphone GALAXY S23 FE-Mint;659;Euronics
319;SAMSUNG Galaxy S23 FE 8+128GB Mint;659;Trony
315;ONE PLUS 12r, 256 GB, Gray;675,99;Mediaword
314;MOTOROLA - EDGE 30 FUSION-Quartz Black;676;Euronics
308;SAMSUNG - Galaxy S23 8+256GB-Green;699;Euronics
309;SAMSUNG - Galaxy S23 8+256GB-Lavender;699;Euronics
310;SAMSUNG - Galaxy S23 8+256GB-Cream;699;Euronics
311;REALME - GT NEO3-white;699;Euronics
312;SAMSUNG Galaxy S23 128GB, 128 GB, Phantom Black;699;Mediaword
313;SAMSUNG Galaxy S23 128GB, 128 GB, GREEN;699;Mediaword
298;SAMSUNG - Galaxy S23 8+128GB-Phantom Black;729;Euronics
299;APPLE - iPhone 14 128GB-Galassia;729;Euronics
300;SAMSUNG Galaxy S23 FE 8+128GB Graphite | Buds FE Graphite;729;Trony
301;APPLE iPhone 14 128GB Mezzanotte;729;Mediaword
302;APPLE iPhone 14 128GB Viola;729;Mediaword
303;APPLE iPhone 14 128GB Blu;729;Mediaword
304;APPLE iPhone 14 128GB Galassia;729;Mediaword
305;SAMSUNG Galaxy S23 256GB, 256 GB, Phantom Black;729;Mediaword
306;APPLE iPhone 14 128GB (PRODUCT)RED;729;Mediaword
307;SAMSUNG Galaxy S23 256GB, 256 GB, GREEN;729;Mediaword
297;APPLE - iPhone 14 128GB-Porpora;735;Euronics
295;APPLE - iPhone 14 128GB-Blu;739;Euronics
296;WIND - 3 - APPLE iPhone 14 128GB-Blu;739;Euronics
293;SAMSUNG - Galaxy S23 8+128GB-Cream;741;Euronics
294;SAMSUNG - Galaxy S23 8+128GB-Lavender;741;Euronics
287;SAMSUNG - Galaxy S23 8+256GB-Phantom Black;749;Euronics
288;APPLE - iPhone 14 128GB-(PRODUCT)RED;749;Euronics
289;SAMSUNG Galaxy S23 8+128GB Cream;749;Trony
290;SAMSUNG Galaxy S23 8+128GB Green;749;Trony
291;SAMSUNG Galaxy S23 8+128GB Phantom Black;749;Trony
292;SAMSUNG Galaxy S23 8+128GB Lavender;749;Trony
285;APPLE - iPhone 14 128GB-Mezzanotte;769;Euronics
286;TIM iPhone 11 128GB (2020);769;Trony
284;APPLE - iPhone 14 128GB-Giallo;770;Euronics
283;SAMSUNG - Galaxy S23 8+128GB-Green;789;Euronics
282;XIAOMI - Smartphone XIAOMI 13T PRO 12+512GB-Black;791;Euronics
275;OPPO - RENO 6 PRO-Lunar Grey;799;Euronics
276;OPPO - RENO 6 PRO-Arctic blue;799;Euronics
277;VIVO MOBILE - X51-ALPHA GREY;799;Euronics
278;SAMSUNG Galaxy S23 8+256GB Lavender;799;Trony
279;SAMSUNG Galaxy S23 8+256GB Phantom Black;799;Trony
280;SAMSUNG Galaxy S23 8+256GB Green;799;Trony
281;SAMSUNG Galaxy S23 8+256GB Cream;799;Trony
269;APPLE - iPhone 15 128GB-Verde;829;Euronics
270;APPLE iPhone 15 128GB Nero;829;Mediaword
271;APPLE iPhone 15 128GB Blu;829;Mediaword
272;APPLE iPhone 15 128GB Rosa;829;Mediaword
273;APPLE iPhone 15 128GB Verde;829;Mediaword
274;APPLE iPhone 15 128GB Giallo;829;Mediaword
268;XIAOMI - Smartphone XIAOMI 13T PRO 12+512GB-Meadow Green;834;Euronics
267;HONOR - Smartphone MAGIC 5 PRO-Meadow Green;849,9;Euronics
266;XIAOMI - Smartphone XIAOMI 13T PRO 12+512GB-Alpine Blue;870;Euronics
265;TIM Apple iPhone 12 (128GB) Nero;873;Trony
251;WIND - 3 - SAMSUNG Galaxy S22 128GB-Phantom Black;879;Euronics
252;APPLE - iPhone 15 128GB-Nero;879;Euronics
253;APPLE - iPhone 15 128GB-Rosa;879;Euronics
254;APPLE - iPhone 15 128GB-Blu;879;Euronics
255;APPLE - iPhone 15 128GB-Giallo;879;Euronics
256;WIND - 3 - APPLE iPhone 14 128GB-Viola;879;Euronics
257;APPLE iPhone 15 128GB Giallo;879;Trony
258;APPLE iPhone 14 128GB Galassia;879;Trony
259;APPLE iPhone 14 128GB Mezzanotte;879;Trony
260;APPLE iPhone 14 128GB Giallo;879;Trony
261;APPLE iPhone 15 128GB Verde;879;Trony
262;APPLE iPhone 14 128GB (PRODUCT)RED;879;Trony
263;APPLE iPhone 15 128GB Blu;879;Trony
264;APPLE iPhone 15 128GB Nero;879;Trony
250;WIND - 3 - APPLE iPhone 14 128GB-Galassia Bianco;894;Euronics
247;MOTOROLA - Smartphone RAZR 40 ULTRA-Viva Magenta;899;Euronics
248;MOTOROLA RAZR 40 ULTRA;899;Trony
249;MOTOROLA RAZR 40 ULTRA;899;Trony
246;MOTOROLA - Smartphone RAZR 40 ULTRA-Infinite Black;905;Euronics
245;APPLE - iPhone 14 Plus 128GB-Porpora;906;Euronics
235;SAMSUNG - GALAXY S24 128GB-Marble Gray;929;Euronics
236;TIM - SAMSUNG Galaxy S24 128GB-Onyx Black;929;Euronics
237;SAMSUNG - GALAXY S24 128GB-Onyx Black;929;Euronics
238;SAMSUNG - GALAXY S24 128GB-Cobalt Violet;929;Euronics
239;SAMSUNG - GALAXY S24 128GB-Amber Yellow;929;Euronics
240;SAMSUNG Galaxy S24 8+128GB Amber Yellow;929;Trony
241;SAMSUNG Galaxy S24 8+128GB Cobalt Violet;929;Trony
242;SAMSUNG Galaxy S24 Onyx Black 8+128GB;929;Trony
243;SAMSUNG Galaxy S24 8+128GB Marble Gray;929;Trony
244;SAMSUNG Galaxy S24, 128 GB, Amber Yellow;929;Mediaword
232;APPLE iPhone 15 256GB Nero;949;Mediaword
233;APPLE iPhone 15 256GB Blu;949;Mediaword
234;APPLE iPhone 15 256GB Verde;949;Mediaword
231;SAMSUNG Galaxy S23+ 8+256GB Green;959;Trony
230;SAMSUNG - GALAXY S22 256GB-Phantom White;964;Euronics
214;APPLE - iPhone 14 256GB-Mezzanotte;979;Euronics
215;APPLE - iPhone 14 256GB-Galassia;979;Euronics
216;APPLE - iPhone 15 Plus 128GB-Nero;979;Euronics
217;APPLE - iPhone 14 256GB-Blu;979;Euronics
218;APPLE - iPhone 15 Plus 128GB-Blu;979;Euronics
219;APPLE - iPhone 14 Plus 128GB-Blu;979;Euronics
220;APPLE - iPhone 15 Plus 128GB-Rosa;979;Euronics
221;APPLE - iPhone 14 256GB-(PRODUCT)RED;979;Euronics
222;APPLE - iPhone 15 Plus 128GB-Giallo;979;Euronics
223;APPLE - iPhone 15 Plus 128GB-Verde;979;Euronics
224;APPLE - iPhone 14 Plus 128GB-Mezzanotte;979;Euronics
225;APPLE iPhone 14 Plus 128GB Viola;979;Trony
226;APPLE iPhone 14 Plus 128GB Mezzanotte;979;Trony
227;APPLE iPhone 14 Plus 128GB Blu;979;Trony
228;APPLE iPhone 15 128GB Rosa;979;Trony
229;APPLE iPhone 14 Plus 128GB (PRODUCT)RED;979;Trony
213;VODAFONE - APPLE iPhone 15 128GB-Black;983;Euronics
207;SAMSUNG - GALAXY S24 256GB-Amber Yellow;989;Euronics
208;SAMSUNG - GALAXY S24 256GB-Marble Gray;989;Euronics
209;SAMSUNG - GALAXY S24 256GB-Cobalt Violet;989;Euronics
210;SAMSUNG - GALAXY S24 256GB-Onyx Black;989;Euronics
211;SAMSUNG Galaxy S24 8+256GB Amber Yellow;989;Trony
212;SAMSUNG Galaxy S24, 256 GB, Marble Gray;989;Mediaword
206;APPLE - iPhone 14 Plus 128GB-(PRODUCT)RED;997;Euronics
204;APPLE iPhone 14 Plus 256GB Viola;999;Trony
205;SAMSUNG Galaxy S23 Ultra 256GB, 256 GB, Phantom Black;999;Mediaword
203;SAMSUNG - Galaxy S23 Ultra 8+256GB-Phantom Black;1004;Euronics
197;APPLE - iPhone 12 256GB-Verde;1009;Euronics
198;APPLE - iPhone 12 256GB-Blu;1009;Euronics
199;APPLE iPhone 14 256GB Blu;1009;Trony
200;APPLE iPhone 14 256GB (PRODUCT)RED;1009;Trony
201;APPLE iPhone 14 256GB Giallo;1009;Trony
202;APPLE iPhone 14 256GB Galassia;1009;Trony
196;APPLE - iPhone 15 256GB-Verde;1010;Euronics
195;APPLE - iPhone 15 256GB-Giallo;1012;Euronics
193;APPLE - iPhone 15 256GB-Blu;1029;Euronics
194;WIND - 3 - APPLE iPhone 14 128GB-Mezzanotte Nero;1029;Euronics
192;APPLE - iPhone 15 256GB-Rosa;1034;Euronics
185;WIND - 3 - SAMSUNG Galaxy S23 Ultra 256GB-Phantom Black;1049;Euronics
186;APPLE - iPhone 14 Plus 256GB-Mezzanotte;1049;Euronics
187;APPLE - iPhone 14 Plus 256GB-Blu;1049;Euronics
188;APPLE - iPhone 14 Plus 256GB-(PRODUCT)RED;1049;Euronics
189;APPLE - iPhone 14 Plus 256GB-Galassia;1049;Euronics
190;APPLE - iPhone 14 Plus 128GB-Giallo;1049;Euronics
191;APPLE iPhone 14 Plus 256GB Giallo;1049;Trony
184;XIAOMI XIAOMI 13 Black 8GB RAM 256GB ROM;1069;Trony
183;XIAOMI - Smartphone XIAOMI 13 8+256GB-Black;1070;Euronics
182;APPLE - iPhone 15 256GB-Nero;1089;Euronics
176;APPLE - iPhone 15 Pro 128GB-Titanio Blu;1099;Euronics
177;APPLE - iPhone 15 Pro 128GB-Titanio Bianco;1099;Euronics
178;APPLE - iPhone 15 Pro 128GB-Titanio Naturale;1099;Euronics
179;APPLE - iPhone 15 Pro 128GB-Titanio Nero;1099;Euronics
180;XIAOMI 14 12+512GB, 512 GB, BLACK;1099;Mediaword
181;XIAOMI 14 12+512GB, 512 GB, GREEN;1099;Mediaword
173;XIAOMI - Smartphone XIAOMI 14 12+512GB-Jade Green;1099,9;Euronics
174;XIAOMI - Smartphone XIAOMI 14 12+512GB-White;1099,9;Euronics
175;XIAOMI - Smartphone XIAOMI 14 12+512GB-Black;1099,9;Euronics
168;APPLE iPhone 14 Plus 256GB Mezzanotte;1109;Trony
169;APPLE iPhone 15 256GB Nero;1109;Trony
170;APPLE iPhone 15 256GB Giallo;1109;Trony
171;APPLE iPhone 15 256GB Blu;1109;Trony
172;APPLE iPhone 15 256GB Verde;1109;Trony
167;SAMSUNG - Galaxy S23+ 8+256GB-Cream;1114;Euronics
163;WIND - 3 - Apple iPhone 15 256GB-Nero;1129;Euronics
164;APPLE iPhone 15 Plus 128GB Verde;1129;Trony
165;APPLE iPhone 15 Plus 128GB Nero;1129;Trony
166;APPLE iPhone 15 Plus 128GB Blu;1129;Trony
162;SAMSUNG - Galaxy Z Flip5 256GB-Graphite;1133;Euronics
152;SAMSUNG - Galaxy Z Flip5 256GB-Mint;1149;Euronics
153;WIND - 3 - Apple iPhone 15 Plus 128GB-Nero;1149;Euronics
154;VODAFONE - APPLE iPhone 15 256GB-Black;1149;Euronics
155;APPLE - iPhone 14 Pro Max 128GB-Argento;1149;Euronics
156;SAMSUNG Galaxy S24+ 12+256GB Marble Gray;1149;Trony
157;SAMSUNG Galaxy Z Flip4 8+128GB Pink Gold;1149;Trony
158;APPLE iPhone 15 Pro 128GB Titanio nero;1149;Mediaword
159;APPLE iPhone 15 Pro 128GB Titanio bianco;1149;Mediaword
160;APPLE iPhone 15 Pro 128GB Titanio naturale;1149;Mediaword
161;APPLE iPhone 15 Pro 128GB Titanio blu;1149;Mediaword
151;APPLE - iPhone 14 Pro 128GB-Viola scuro;1157;Euronics
147;APPLE iPhone 15 Pro 128GB Titanio Naturale;1159;Trony
148;APPLE iPhone 15 Pro 128GB Titanio Nero;1159;Trony
149;APPLE iPhone 15 Pro 128GB Titanio Bianco;1159;Trony
150;APPLE iPhone 15 Pro 128GB Titanio Blu;1159;Trony
146;OPPO - Smartphone FIND N2 FLIP 5G-Astral Black;1169;Euronics
145;APPLE - iPhone 14 Plus 256GB-Giallo;1179;Euronics
140;SAMSUNG - GALAXY S24+ 256GB-Cobalt Violet;1189;Euronics
141;SAMSUNG - GALAXY S24+ 256GB-Onyx Black;1189;Euronics
142;SAMSUNG - GALAXY S24+ 256GB-Marble Gray;1189;Euronics
143;SAMSUNG - GALAXY S24+ 256GB-Amber Yellow;1189;Euronics
144;SAMSUNG Galaxy S24+ 12+256GB Cobalt Violet;1189;Trony
139;SAMSUNG - Galaxy Z Flip5 512GB-Mint;1190;Euronics
137;MOTOROLA - Smartphone RAZR 40 ULTRA-Peach Fuzz;1192;Euronics
138;SAMSUNG - Galaxy Z Flip5 512GB-Graphite;1192;Euronics
132;XIAOMI - XIAOMI 12 PRO 12+256G-BLUE;1199;Euronics
133;XIAOMI - XIAOMI 12 PRO 12+256G-BLACK;1199;Euronics
134;VODAFONE - APPLE iPhone 15 256GB-Blue;1199;Euronics
135;WIND - 3 - APPLE iPhone 14 Plus 128GB-Blu;1199;Euronics
136;XIAOMI XIAOMI 12 PRO BLACK 12+256G;1199;Trony
131;MOTOROLA - Smartphone RAZR 2022-Quartz Black;1199,9;Euronics
129;SAMSUNG - Galaxy S23+ 8+256GB-Lavender;1229;Euronics
130;SAMSUNG - Galaxy S23+ 8+256GB-Green;1229;Euronics
128;APPLE - iPhone 15 Pro 256GB-Titanio Nero;1231;Euronics
127;APPLE - iPhone 15 Pro 256GB-Titanio Naturale;1233;Euronics
126;VODAFONE - APPLE iPhone 15 Pro 128GB-Black;1238;Euronics
125;APPLE - iPhone 15 Pro 256GB-Titanio Blu;1246;Euronics
119;APPLE - iPhone 14 512GB-Galassia;1249;Euronics
120;SAMSUNG - Galaxy Z Flip5 256GB-Cream;1249;Euronics
121;APPLE iPhone 15 Pro 256GB Titanio nero;1249;Mediaword
122;APPLE iPhone 15 Pro 256GB Titanio blu;1249;Mediaword
123;APPLE iPhone 15 Pro 256GB Titanio bianco;1249;Mediaword
124;APPLE iPhone 15 Pro 256GB Titanio naturale;1249;Mediaword
112;APPLE - iPhone 15 Plus 256GB-Blu;1259;Euronics
113;APPLE - iPhone 15 Plus 256GB-Nero;1259;Euronics
114;WIND - 3 - Apple iPhone 15 Pro 128GB-Titanio nero;1259;Euronics
115;APPLE - iPhone 15 Plus 256GB-Verde;1259;Euronics
116;APPLE iPhone 15 Plus 256GB Verde;1259;Trony
117;APPLE iPhone 15 Plus 256GB Blu;1259;Trony
118;APPLE iPhone 14 512GB Galassia;1259;Trony
111;TIM - APPLE iPhone 15 Pro 128GB-Nero;1266;Euronics
108;WIND - 3 - Samsung Galaxy S10+ 512GB-Ceramic White;1279;Euronics
109;SAMSUNG - GALAXY S22 ULTRA 128GB-Burgundy;1279;Euronics
110;APPLE - iPhone 15 Pro 256GB-Titanio Bianco;1279;Euronics
107;SAMSUNG - Galaxy Z Flip5 512GB-Cream;1284;Euronics
106;APPLE - IPHONE 15 512GB-Verde;1298;Euronics
101;SAMSUNG - GALAXY S24+ 512GB-Cobalt Violet;1309;Euronics
102;SAMSUNG - GALAXY S24+ 512GB-Amber Yellow;1309;Euronics
103;SAMSUNG - GALAXY S24+ 512GB-Onyx Black;1309;Euronics
104;SAMSUNG - GALAXY S24+ 512GB-Marble Gray;1309;Euronics
105;SAMSUNG Galaxy S24+ 12+512GB Cobalt Violet;1309;Trony
97;APPLE iPhone 15 Pro Max 256GB Titanio naturale;1349;Mediaword
98;APPLE iPhone 15 Pro Max 256GB Titanio nero;1349;Mediaword
99;APPLE iPhone 15 Pro Max 256GB Titanio blu;1349;Mediaword
100;APPLE iPhone 15 Pro Max 256GB Titanio bianco;1349;Mediaword
90;APPLE - iPhone 14 Plus 512GB-Mezzanotte;1359;Euronics
91;APPLE - iPhone 15 512GB-Nero;1359;Euronics
92;APPLE iPhone 15 512GB Giallo;1359;Trony
93;APPLE iPhone 14 Plus 512GB (PRODUCT)RED;1359;Trony
94;APPLE iPhone 15 512GB Nero;1359;Trony
95;APPLE iPhone 14 Plus 512GB Blu;1359;Trony
96;APPLE iPhone 15 512GB Blu;1359;Trony
86;APPLE iPhone 15 Pro 256GB Titanio Nero;1369;Trony
87;APPLE iPhone 15 Pro 256GB Titanio Bianco;1369;Trony
88;APPLE iPhone 15 Pro 256GB Titanio Naturale;1369;Trony
89;APPLE iPhone 15 Pro 256GB Titanio Blu;1369;Trony
85;VODAFONE - APPLE iPhone 15 Pro 256GB-Black;1373;Euronics
84;WIND - 3 - Apple iPhone 15 Pro 256GB-Titanio nero;1389;Euronics
82;APPLE - iPhone 14 512GB-(PRODUCT)RED;1397;Euronics
83;APPLE - iPhone 14 512GB-Blu;1397;Euronics
81;SAMSUNG - GALAXY S24 ULTRA 256GB-Titanium Yellow;1399;Euronics
80;SAMSUNG - Galaxy Z Flip5 512GB-Lavender;1420;Euronics
79;APPLE - iPhone 14 Pro 256GB-Viola scuro;1469;Euronics
71;APPLE - iPhone 15 Pro Max 256GB-Titanio Nero;1489;Euronics
72;APPLE - iPhone 15 Pro Max 256GB-Titanio Naturale;1489;Euronics
73;APPLE - iPhone 15 Pro Max 256GB-Titanio Blu;1489;Euronics
74;APPLE - iPhone 15 Pro Max 256GB-Titanio Bianco;1489;Euronics
75;APPLE iPhone 15 Pro Max 256GB Titanio Bianco;1489;Trony
76;APPLE iPhone 15 Pro Max 256GB Titanio Naturale;1489;Trony
77;APPLE iPhone 15 Pro Max 256GB Titanio Nero;1489;Trony
78;APPLE iPhone 15 Pro Max 256GB Titanio Blu;1489;Trony
59;SAMSUNG - GALAXY S24 ULTRA 256GB-Titanium Black;1499;Euronics
60;SAMSUNG - GALAXY S24 ULTRA 256GB-Titanium Gray;1499;Euronics
61;SAMSUNG - GALAXY S24 ULTRA 256GB-Titanium Violet;1499;Euronics
62;APPLE - iPhone 15 Pro 512GB-Titanio Bianco;1499;Euronics
63;SAMSUNG Galaxy S24 Ultra 12+256GB Titanium Gray;1499;Trony
64;SAMSUNG Galaxy S24 Ultra 12+256GB Titanium Yellow;1499;Trony
65;APPLE iPhone 14 Plus 512GB Mezzanotte;1499;Trony
66;SAMSUNG Galaxy S24 Ultra 12+256GB Titanium Violet;1499;Trony
67;SAMSUNG Galaxy S24 Ultra 12+256GB Titanium Black;1499;Trony
68;SAMSUNG Galaxy S24 Ultra, 256 GB, Titanium Black;1499;Mediaword
69;SAMSUNG Galaxy S24 Ultra, 256 GB, Titanium Black;1499;Mediaword
70;SAMSUNG Galaxy S24 Ultra, 256 GB, Titanium Gray;1499;Mediaword
57;WIND - 3 - Apple iPhone 15 Pro Max 256GB-Titanio blu;1509;Euronics
58;WIND - 3 - Apple iPhone 15 Pro Max 256GB-Titanio nero;1509;Euronics
56;TIM - APPLE iPhone 15 Pro Max 256GB-Nero;1516;Euronics
54;APPLE - iPhone 14 Plus 512GB-(PRODUCT)RED;1545;Euronics
55;APPLE - iPhone 14 Plus 512GB-Galassia;1545;Euronics
53;APPLE - iPhone 15 Pro Max 512GB-Titanio Naturale;1600;Euronics
41;SAMSUNG - GALAXY S24 ULTRA 512GB-Titanium Gray;1619;Euronics
42;SAMSUNG - GALAXY S24 ULTRA 512GB-Titanium Violet;1619;Euronics
43;SAMSUNG - GALAXY S24 ULTRA 512GB-Titanium Yellow;1619;Euronics
44;APPLE - iPhone 15 Pro 512GB-Titanio Blu;1619;Euronics
45;SAMSUNG - GALAXY S24 ULTRA 512GB-Titanium Black;1619;Euronics
46;SAMSUNG Galaxy S24 Ultra 12+512GB Titanium Black;1619;Trony
47;SAMSUNG Galaxy S24 Ultra 12+512GB Titanium Yellow;1619;Trony
48;APPLE iPhone 15 Pro 512GB Titanio Bianco;1619;Trony
49;SAMSUNG Galaxy S24 Ultra 12+512GB Titanium Gray;1619;Trony
50;APPLE iPhone 15 Pro 512GB Titanio Naturale;1619;Trony
51;SAMSUNG Galaxy S24 Ultra, 512 GB, Titanium Black;1619;Mediaword
52;SAMSUNG Galaxy S24 Ultra, 512 GB, Titanium Gray;1619;Mediaword
40;APPLE - iPhone 15 Pro Max 512GB-Titanio Nero;1644;Euronics
38;APPLE - iPhone 15 Pro 1TB-Titanio Bianco;1699;Euronics
39;APPLE - iPhone 15 Pro 1TB-Titanio Blu;1699;Euronics
37;APPLE - iPhone 14 Pro 512GB-Argento;1704;Euronics
36;WIND - 3 - Apple iPhone 15 Pro Max 512GB-Titanio nero;1706;Euronics
30;APPLE - iPhone 15 Pro Max 512GB-Titanio Bianco;1739;Euronics
31;APPLE - iPhone 15 Pro Max 512GB-Titanio Blu;1739;Euronics
32;APPLE iPhone 15 Pro Max 512GB Titanio Blu;1739;Trony
33;APPLE iPhone 15 Pro Max 512GB Titanio Nero;1739;Trony
34;APPLE iPhone 15 Pro Max 512GB Titanio Bianco;1739;Trony
35;APPLE iPhone 15 Pro Max 512GB Titanio Naturale;1739;Trony
28;SAMSUNG - Galaxy Z Fold5 512GB-Cream;1749;Euronics
29;SAMSUNG - Galaxy Z Fold5 512GB-Icy Blue;1749;Euronics
27;APPLE - iPhone 15 Pro 1TB-Titanio Naturale;1792;Euronics
26;SAMSUNG Galaxy S24 Ultra 12+512GB Titanium Violet;1794;Trony
23;ONEPLUS - Smartphone SMP.ONE+ OPEN-Nero;1799;Euronics
24;APPLE - iPhone 15 Pro Max 1TB-Titanio Blu;1799;Euronics
25;APPLE - iPhone 15 Pro Max 1TB-Titanio Bianco;1799;Euronics
19;SAMSUNG - GALAXY S24 ULTRA 1T-Titanium Gray;1859;Euronics
20;SAMSUNG - GALAXY S24 ULTRA 1T-Titanium Black;1859;Euronics
21;SAMSUNG - GALAXY S24 ULTRA 1T-Titanium Violet;1859;Euronics
22;SAMSUNG - GALAXY S24 ULTRA 1T-Titanium Yellow;1859;Euronics
14;APPLE - iPhone 15 Pro 1TB-Titanio Nero;1869;Euronics
15;APPLE iPhone 15 Pro 1TB Titanio Nero;1869;Trony
16;APPLE iPhone 15 Pro 1TB Titanio Blu;1869;Trony
17;APPLE iPhone 15 Pro 1TB Titanio Bianco;1869;Trony
18;APPLE iPhone 15 Pro 1TB Titanio Naturale;1869;Trony
13;SAMSUNG Galaxy Z Fold4 12+256GB Phantom Black;1879;Trony
12;APPLE - iPhone 15 Pro Max 1TB-Titanio Nero;1911;Euronics
11;SAMSUNG - Galaxy Z Fold5 512GB-Phantom Black;1934;Euronics
8;APPLE iPhone 15 Pro Max 1TB Titanio Nero;1989;Trony
9;APPLE iPhone 15 Pro Max 1TB Titanio Blu;1989;Trony
10;APPLE iPhone 15 Pro Max 1TB Titanio Bianco;1989;Trony
6;SAMSUNG - Galaxy Z Fold5 256GB-Phantom Black;1999;Euronics
7;HONOR Magic V2, 512 GB, PURPLE;1999;Mediaword
4;SAMSUNG - Galaxy Z Fold5 256GB-Cream;2094;Euronics
5;SAMSUNG Galaxy Z Fold5 12+256GB Cream;2094;Trony
3;SAMSUNG - Galaxy Z Fold5 1TB-Icy Blue;2098;Euronics
2;SAMSUNG Galaxy Z Fold5 12+512GB Phantom Black;2099;Trony
1;SAMSUNG - Galaxy Z Fold5 1TB-Phantom Black;2212;Euronics
1053;SAMSUNG - Smartphone GALAXY S23 FE | BUDS FE-Graphite;;Euronics
1054;MOTOROLA - Smartphone EDGE 40-JET BLACK;;Euronics
1055;VODAFONE - XIAOMI Redmi 9AT-Grey;;Euronics
1056;SAMSUNG - GALAXY A14 64GB-Black;;Euronics
1057;VODAFONE - SAMSUNG Galaxy S23 256GB-Black;;Euronics
1058;VODAFONE - SAMSUNG Galaxy A14 4G 64GB-Black;;Euronics
1059;OPPO - Smartphone RENO10 PRO 5G-Glossy Purple;;Euronics
1060;REALME - Smartphone REALME 11 PRO+ 5G 512GB 12GB-SUNRISE BEIGE;;Euronics
1061;REALME - Smartphone REALME 11 PRO+ 5G 512GB 12GB GLOBAL+NF-Oasis… Green;;Euronics
1062;XIAOMI - Smartphone REDMI NOTE 12 PRO 4G 8+256-Graphite Gray;;Euronics
1063;REALME - Smartphone REALME 11 PRO 5G 256GB 8GB-ASTRAL BLACK;;Euronics
1064;XIAOMI - Smartphone REDMI NOTE 12 8+256GB-Mint Green;;Euronics
1065;XIAOMI - Smartphone REDMI NOTE 12 8+256GB-Ice Blue;;Euronics
1066;MOTOROLA - MOTO G42 6/128GB-Deep Lagoon;;Euronics
1067;SAMSUNG - Galaxy S23 Ultra 8+256GB-Cream;;Euronics
1068;VODAFONE - ZFLIP5 5G 512GB-grey;;Euronics
1069;HONOR - Smartphone HONOR 90-Midnight Black;;Euronics
1070;XIAOMI - Smartphone REDMI NOTE 13 PRO 5G 12+512-Midnight Black;;Euronics
1071;MOTOROLA - Smartphone EDGE 30 NEO-Ice Palace;;Euronics
1072;TIM - SAMSUNG Galaxy A14 4G (64GB)-Black;;Euronics
1073;TCL - 30E-Space Grey;;Euronics
1074;MOTOROLA - Smartphone MOTO G73 5G-Midnight Blue;;Euronics
1075;XIAOMI - REDMI A1 2+32-Light Blue;;Euronics
1076;HONOR - X8A-CYAN LAKE;;Euronics
1077;VODAFONE - SAMSUNG Galaxy A54 5G 256GB-Nero;;Euronics
1078;WIND - 3 - SAMSUNG Galaxy A14 64GB-Silver;;Euronics
1079;OPPO - Smartphone RENO8 5G-Shimmer Black;;Euronics
1080;OPPO - RENO8 LITE 5G-Rainbow Spectrum;;Euronics
1081;MOTOROLA - Smartphone EDGE 40-Viva Magenta;;Euronics
1082;NOKIA - NOKIA C21 PLUS-CYAN;;Euronics
1083;HONOR - MAGIC 5 LITE-Titanium Silver;;Euronics
1084;VODAFONE - OPPO A57-Black;;Euronics
1085;NOKIA - Smartphone NOKIA C32 4/64-CHARCOAL;;Euronics
1086;VODAFONE - SAMSUNG Galaxy A14 5G 128GB-Black;;Euronics
1087;VODAFONE - MOTOROLA Moto E13 4G 64GB-Black;;Euronics
1088;XIAOMI - REDMI NOTE 11 PRO 5G 6+128GB-GRAPHITE GRAY;;Euronics
1089;XIAOMI - XIAOMI 12X 8+256G-BLACK;;Euronics
1090;REALME - C31-silver;;Euronics
1091;REALME - Smartphone REALME 11 PRO 5G 256GB 8GB-SUNRISE BEIGE;;Euronics
1092;XIAOMI - Smartphone REDMI NOTE 12 PRO 5G 8+256GB-Midnight Black;;Euronics
1093;SAMSUNG - Galaxy S23 Ultra 12+512GB-Cream;;Euronics
1094;SAMSUNG - Galaxy S23 Ultra 12+512GB-Phantom Black;;Euronics
1095;VODAFONE - SAMSUNG Galaxy A14 4G 128GB-Black;;Euronics
1096;REALME - R9 PRO+;;Euronics
1097;XIAOMI - REDMI 9A-GLACIAL BLUE;;Euronics
1098;SAMSUNG - GALAXY S22 256GB-Pink Gold;;Euronics
1099;REALME - C21-Y 3+32-Cross Black;;Euronics
1100;HONOR - HONOR 90 8+256-Midnight Black;;Euronics
1101;OPPO - A16 3+32-Pearl Blue;;Euronics
1102;REALME - GT NEO3-blu;;Euronics
1103;OPPO - RENO8 T-Sunset Orange;;Euronics
1104;SAMSUNG - GALAXY A23 5G-Black;;Euronics
1105;SAMSUNG - Galaxy S23 Ultra 12+512GB-Green;;Euronics
1106;NOKIA - NOKIA C31 4/64-MINT;;Euronics
1107;CAT - CAT S42H+-Black;;Euronics
1108;SAMSUNG - GALAXY S22 128GB-Green;;Euronics
1109;OPPO - FIND X5-White;;Euronics
1110;TCL - TCL 306-Atlantic Blue;;Euronics
1111;XIAOMI - Smartphone REDMI NOTE 13 PRO 5G 12+512-Ocean Teal;;Euronics
1112;MOTOROLA - MOTO G32-Soft Silver;;Euronics
1113;MOTOROLA - MOTO G23-LUCENT WHITE;;Euronics
1114;XIAOMI - REDMI 10C 4+128GB-Graphite Gray;;Euronics
1115;HONOR - X7A-OCEAN BLUE;;Euronics
1116;SAMSUNG - GALAXY S22 128GB-Phantom Black;;Euronics
1117;SAMSUNG - GALAXY A53 5G 128GB-Awesome Black;;Euronics
1118;OPPO - A96-Sunset Blue;;Euronics
1119;HONOR - X6-OCEAN BLUE;;Euronics
1120;XIAOMI - Smartphone XIAOMI 13 8+256GB-White;;Euronics
1121;CAT - Smartphone S75-Black;;Euronics
1122;HONOR - Smartphone MAGIC 5 LITE 8+256-TITANIUM SILVER;;Euronics
1123;TCL - 20 L+-Milki Way Black;;Euronics
1124;TCL - 20R 5G 4/128-Lazurite Blue;;Euronics
1125;SAMSUNG - GALAXY A53 5G 128GB-Awesome Blue;;Euronics
1126;TCL - 30E-Atlantic Blue;;Euronics
1127;SAMSUNG - GALAXY S22 128GB-Phantom White;;Euronics
1128;REALME - Smartphone REALME C55 256GB 8GB-SUNSHOWER;;Euronics
1129;XIAOMI - XIAOMI 12T PRO 8+256-Cosmic Black;;Euronics
1130;SAMSUNG - GALAXY A13 64 GB-Light Blue;;Euronics
1131;SAMSUNG - GALAXY A13 64 GB-White;;Euronics
1132;MOTOROLA - MOTO E32S-Misty Silver;;Euronics
1133;SAMSUNG - Galaxy S23+ 8+512GB-Phantom Black;;Euronics
1134;SAMSUNG - Galaxy S23+ 8+512GB-Cream;;Euronics
1135;SAMSUNG - Galaxy S23 Ultra 8+256GB-Green;;Euronics
1136;OPPO - Smartphone FIND N2 FLIP 5G-Astral Black;;Euronics
1137;XIAOMI - REDMI 10C 3+64GB-Graphite Gray;;Euronics
1138;TCL - 30-black;;Euronics
1139;WIND - 3 - MOTOROLA Moto G54 5G-Midnight Blue;;Euronics
1140;SAMSUNG - GALAXY S22 ULTRA 128GB-Phantom White;;Euronics
1141;XIAOMI - REDMI NOTE 11 4+64GB-Star Blue;;Euronics
1142;MOTOROLA - MOTO G41-Pearl Gold;;Euronics
1143;MOTOROLA - MOTO G41-Meteorite Black;;Euronics
1144;XIAOMI - XIAOMI 12X 8+256G-BLUE;;Euronics
1145;XIAOMI - Smartphone XIAOMI 13T 8+256GB-Alpine Blue;;Euronics
1146;SAMSUNG - GALAXY S22 128GB-Bora Purple;;Euronics
1147;SAMSUNG - GALAXY A23 5G-White;;Euronics
1148;SAMSUNG - Galaxy S23 Ultra 12+512GB-Lavender;;Euronics
1149;TIM - MOTOROLA Moto G14-Steel Gray;;Euronics
1150;MOTOROLA - MOTO G31-Mineral Grey;;Euronics
1151;HONOR - X7A-BLACK;;Euronics
1152;SAMSUNG - GALAXY S22 256GB-Green;;Euronics
1153;WIND - 3 - Xiaomi Redmi 10 64GB-Sea blue;;Euronics
1154;SAMSUNG - GALAXY S22 128GB-Pink Gold;;Euronics
1155;WIND - 3 - XIAOMI Redmi Note 10 5G 4+128GB-Black;;Euronics
1156;REALME - 10-white;;Euronics
1157;OPPO - RENO8 5G-Shimmer Black;;Euronics
1158;SAMSUNG - Galaxy S23+ 8+512GB-Green;;Euronics
1159;MOTOROLA - Smartphone RAZR 40-Summer Liliac;;Euronics
1160;HONOR - Smartphone MAGIC 5 LITE 8+256-EMERALD GREEN;;Euronics
1161;"WIND - 3 - XIAOMI ""Redmi10"" 6.5"" 64Gb BIANCO-Bianco";;Euronics
1162;SAMSUNG - GALAXY S22 ULTRA 512GB-Phantom Black;;Euronics
1163;SAMSUNG - GALAXY S22 ULTRA 128GB-Green;;Euronics
1164;TCL - 20 L-Eclipse Black;;Euronics
1165;OPPO - A54 5G-Fluid Black;;Euronics
1166;CAT - CAT S62-Black;;Euronics
1167;XIAOMI - Smartphone REDMI 9C 4+128 GB-Grigio;;Euronics
1168;MOTOROLA - Smartphone EDGE 40 PRO-Glass Black;;Euronics
1169;VODAFONE - SAMSUNG Galaxy A34 5G 256GB-Black;;Euronics
1170;MOTOROLA - Smartphone RAZR 40-Vanilla Cream;;Euronics
1171;XIAOMI - Smartphone REDMI NOTE 13 PRO 5G 12+512-Aurora Purple;;Euronics
1172;XIAOMI - REDMI NOTE 11 PRO 6+124GB-GRAPHITE GRAY;;Euronics
1173;VIVO MOBILE - V23 5G-Stardust Black;;Euronics
1174;WIND - 3 - OPPO Find X5-Black;;Euronics
1175;MOTOROLA - Smartphone MOTO G32-Soft Silver;;Euronics
1176;MOTOROLA - MOTO G32-Dove Grey;;Euronics
1177;XIAOMI - Smartphone REDMI NOTE 12 PRO 5G 8+256GB-Sky Blue;;Euronics
1178;MOTOROLA - EDGE 30 NEO-Ice Palace;;Euronics
1179;SAMSUNG - Galaxy S23 Ultra 8+256GB-Lavender;;Euronics
1180;HONOR - MAGIC 5 LITE-Emerald Green;;Euronics
1181;VODAFONE - XIAOMI Redmi 10C 4-64GB-Blu;;Euronics
1182;XIAOMI - Smartphone XIAOMI 13 PRO 12+256GB-Ceramic Black;;Euronics
1183;MOTOROLA - MOTO E13-AURORA GREEN;;Euronics
1184;WIND - 3 - SAMSUNG Galaxy S23 128GB-Phantom Black;;Euronics
1185;HONOR - X8A-TITANIUM SILVER;;Euronics
1186;WIND - 3 - SAMSUNG Galaxy A14 64GB-Light Green;;Euronics
1187;APPLE - iPhone 13 128GB-Mezzanotte;;Euronics
1188;APPLE - iPhone 13 128GB-Verde;;Euronics
1189;APPLE - iPhone 15 Pro 512GB-Titanio Nero;;Euronics
1190;SAMSUNG - Galaxy Z Fold5 256GB-Icy Blue;;Euronics
1191;APPLE - iPhone 15 Pro 512GB-Titanio Naturale;;Euronics
1192;APPLE - iPhone SE 64GB-Mezzanotte;;Euronics
1193;APPLE - iPhone 15 Plus 256GB-Giallo;;Euronics
1194;APPLE - iPhone 15 Pro Max 1TB-Titanio Naturale;;Euronics
1195;APPLE - iPhone 14 Pro 256GB-Oro;;Euronics
1196;APPLE - iPhone 14 Pro 128GB-Nero Siderale;;Euronics
1197;WIND - 3 - APPLE iPhone 14 Plus 128GB-Galassia;;Euronics
1198;TIM - APPLE iPhone 15 128GB-Nero;;Euronics
1199;BRONDI - Amico Chic-Nero/Silver;;Euronics
1200;APPLE - iPhone 15 Plus 512GB-Nero;;Euronics
1201;APPLE - iPhone 14 Plus 128GB-Galassia;;Euronics
1202;APPLE - iPhone 14 Pro Max 128GB-Oro;;Euronics
1203;WIND - 3 - APPLE iPhone 14 Pro 128GB-Argento;;Euronics
1204;APPLE - iPhone 15 512GB-Rosa;;Euronics
1205;APPLE - iPhone 12 128GB-Blu;;Euronics
1206;VODAFONE - APPLE iPhone 14 Pro Max 128GB-Nero;;Euronics
1207;WIND - 3 - APPLE iPhone 14 256GB-Galassia Bianco;;Euronics
1208;NOKIA - NOKIA 105 2019-Black;;Euronics
1209;SAMSUNG - Galaxy Z Flip5 256GB-Lavender;;Euronics
1210;SAMSUNG - Galaxy Z Fold5 1TB-Cream;;Euronics
1211;APPLE - iPhone 13 Mini 512GB-(PRODUCT)RED;;Euronics
1212;CAT - CAT B40-Black;;Euronics
1213;NOKIA - Cellulare NOKIA 2660-GREEN;;Euronics
1214;WIND - 3 - Apple iPhone 15 Pro 256GB-Titanio bianco;;Euronics
1215;APPLE - iPhone 13 Mini 512GB-Galassia;;Euronics
1216;APPLE - iPhone 14 Pro Max 128GB-Nero Siderale;;Euronics
1217;VODAFONE - APPLE iPhone 14 Plus 256GB-Bianco;;Euronics
1218;APPLE - iPhone 14 Pro 128GB-Oro;;Euronics
1219;WIND - 3 - APPLE iPhone 14 256GB-Mezzanotte Nero;;Euronics
1220;APPLE - iPhone 13 Mini 512GB-Blu;;Euronics
1221;NOKIA - NOKIA 110-BLACK;;Euronics
1222;APPLE - iPhone 15 Plus 512GB-Blu;;Euronics
1223;TCL - Cellulare 3189-grey;;Euronics
1224;BRONDI - Cellulare AMICO COMFORT-NERO RUBBER;;Euronics
1225;APPLE - iPhone 15 512GB-Blu;;Euronics
1226;APPLE - iPhone 12 64GB-(PRODUCT)RED;;Euronics
1227;SAMSUNG - Galaxy Z Flip4 128GB-Blue;;Euronics
1228;SAMSUNG - Galaxy Z Flip4 128GB-Graphite;;Euronics
1229;SAMSUNG - Galaxy Z Fold4 256GB-Phantom Black;;Euronics
1230;VODAFONE - APPLE iPhone 14 Pro 256GB-Nero siderale;;Euronics
1231;CAT - CB26;;Euronics
1232;APPLE - iPhone 13 Mini 128GB DEMO-Pink;;Euronics
1233;APPLE - iPhone 12 256GB-(PRODUCT)RED;;Euronics
1234;APPLE - iPhone 14 256GB-Giallo;;Euronics
1235;SAMSUNG - Galaxy Z Flip4 256GB-Graphite;;Euronics
1236;SAMSUNG - Galaxy Z Flip4 512GB-Graphite;;Euronics
1237;APPLE - iPhone 14 Pro 1TB-Argento;;Euronics
1238;WIND - 3 - Apple iPhone 15 Pro 128GB-Titanio bianco;;Euronics
